fixture_id,match,date,league,prediction,confidence,expected_value,recommendation,stake_percentage,risk_level
19354690,Fredrikstad vs Rosenborg,2025-05-28,Eliteserien,A,0.7060501575469971,0.6839296257495879,MODERATE BET,2.5,Low-Medium
19354697,Bodø / Glimt vs Viking,2025-05-28,Eliteserien,A,0.5536194443702698,1.7780623718500137,AVOID,0.0,High
19419846,TBC vs SK Rapid,2025-05-29,Admiral Bundesliga,A,0.7867758274078369,0.0,SMALL BET,1.0,Low
19354665,Brann vs Molde,2025-05-29,Eliteserien,A,0.5847823619842529,1.0344578373432158,AVOID,0.0,High
19376842,Winner Semi-final 2 vs Winner Semi-final 1,2025-05-29,Serie B,A,0.6760057806968689,0.986104983687401,MODERATE BET,2.5,Low-Medium
19347776,Elfsborg vs Hammarby,2025-05-31,Allsvenskan,A,0.7605092525482178,0.9849291491508483,STRONG BET,5.0,Medium
19347779,Norrköping vs GAIS,2025-05-31,Allsvenskan,A,0.75677490234375,0.7723668212890626,STRONG BET,5.0,Medium
19347782,Degerfors vs Öster,2025-05-31,Allsvenskan,A,0.8337827324867249,1.8915585162639617,STRONG BET,5.0,Medium
19354617,Strømsgodset vs HamKam,2025-05-31,Eliteserien,A,0.5548883676528931,1.6290610859394077,AVOID,0.0,High
19354618,Tromsø vs Vålerenga,2025-05-31,Eliteserien,A,0.47049587965011597,0.5333460717797278,AVOID,0.0,High
19422004,TBC vs TBC,2025-05-31,Superliga,A,0.7272445559501648,0.0,SMALL BET,1.0,Low
19145109,Almería vs Tenerife,2025-06-01,La Liga 2,A,0.6855630874633789,7.7923465967178345,MODERATE BET,2.5,Low-Medium
19145110,FC Cartagena vs Mirandés,2025-06-01,La Liga 2,D,0.5728415250778198,2.325345053076744,AVOID,0.0,High
19145111,Castellón vs Real Zaragoza,2025-06-01,La Liga 2,A,0.6035888195037842,1.1717125725746156,SMALL BET,1.0,Low
19145112,Deportivo La Coruña vs Elche,2025-06-01,La Liga 2,A,0.4286428391933441,0.6368791503012179,AVOID,0.0,High
19145113,Racing Ferrol vs Sporting Gijón,2025-06-01,La Liga 2,A,0.7054563164710999,0.5971531004905699,MODERATE BET,2.5,Low-Medium
19145114,Córdoba vs Albacete,2025-06-01,La Liga 2,A,0.6638665795326233,1.686668047368526,MODERATE BET,2.5,Low-Medium
19145115,Málaga vs Burgos,2025-06-01,La Liga 2,D,0.5081681609153748,0.6302034602165223,AVOID,0.0,High
19145116,Real Oviedo vs Cádiz,2025-06-01,La Liga 2,A,0.5923485159873962,2.404226921379566,AVOID,0.0,High
19145117,Levante vs SD Eibar,2025-06-01,La Liga 2,A,0.4974955916404724,1.2994246245622634,AVOID,0.0,High
19145118,Huesca vs Eldense,2025-06-01,La Liga 2,H,0.5047252178192139,0.7464671703577042,AVOID,0.0,High
19145119,Racing Santander vs Granada,2025-06-01,La Liga 2,A,0.7915031909942627,1.148931163549423,STRONG BET,5.0,Medium
19172343,Bodrumspor vs Beşiktaş,2025-06-01,Super Lig,H,0.5243344902992249,1.0317961499094963,AVOID,0.0,High
19172344,Galatasaray vs İstanbul Başakşehir,2025-06-01,Super Lig,A,0.4248872995376587,1.4919640117883683,AVOID,0.0,High
19172345,Rizespor vs Hatayspor,2025-06-01,Super Lig,D,0.5518984794616699,1.9029860019683835,AVOID,0.0,High
19172346,Fenerbahçe vs Konyaspor,2025-06-01,Super Lig,A,0.4667707681655884,1.7324760768413543,AVOID,0.0,High
19172347,Samsunspor vs Kayserispor,2025-06-01,Super Lig,A,0.5453984141349792,1.5688265305757523,AVOID,0.0,High
19172348,Adana Demirspor vs Gaziantep F.K.,2025-06-01,Super Lig,A,0.6421562433242798,0.08539313340187071,SMALL BET,1.0,Low
19172349,Antalyaspor vs Trabzonspor,2025-06-01,Super Lig,A,0.7176936268806458,0.6542838099598887,MODERATE BET,2.5,Low-Medium
19172350,Kasımpaşa vs Göztepe,2025-06-01,Super Lig,H,0.33776602149009705,0.38509825813770293,AVOID,0.0,High
19172351,Alanyaspor vs Sivasspor,2025-06-01,Super Lig,D,0.5461304187774658,1.1468386762142182,AVOID,0.0,High
19347775,Brommapojkarna vs IFK Göteborg,2025-06-01,Allsvenskan,A,0.5961384177207947,0.5320757335424422,AVOID,0.0,High
19347777,Malmö FF vs Häcken,2025-06-01,Allsvenskan,A,0.47931867837905884,1.5993451928496363,AVOID,0.0,High
19347781,Halmstad vs Djurgården,2025-06-01,Allsvenskan,A,0.7660375833511353,0.40414689028263084,STRONG BET,5.0,Medium
19354619,Fredrikstad vs Sarpsborg 08,2025-06-01,Eliteserien,A,0.8073258399963379,1.7223027324676514,STRONG BET,5.0,Medium
19347778,Mjällby vs Värnamo,2025-06-01,Allsvenskan,A,0.6399062871932983,2.9399030102491377,SMALL BET,1.0,Low
19347780,Sirius vs AIK,2025-06-01,Allsvenskan,A,0.7566866874694824,0.8372352771759033,STRONG BET,5.0,Medium
19354620,Brann vs Kristiansund,2025-06-01,Eliteserien,A,0.5569088459014893,4.248865872621536,AVOID,0.0,High
19354621,Bryne vs Sandefjord,2025-06-01,Eliteserien,A,0.7414758801460266,0.941925330102444,MODERATE BET,2.5,Low-Medium
19354622,Haugesund vs Bodø / Glimt,2025-06-01,Eliteserien,A,0.4402191638946533,2.216055427491665,AVOID,0.0,High
19354623,Rosenborg vs KFUM,2025-06-01,Eliteserien,A,0.6611607074737549,4.428129408359528,MODERATE BET,2.5,Low-Medium
19354624,Molde vs Viking,2025-06-01,Eliteserien,A,0.763609766960144,1.2549396418333054,STRONG BET,5.0,Medium
19354625,Bodø / Glimt vs Brann,2025-06-22,Eliteserien,A,0.46745729446411133,0.0,AVOID,0.0,High
19354626,HamKam vs Tromsø,2025-06-22,Eliteserien,A,0.7743211984634399,0.0,SMALL BET,1.0,Low
19354627,KFUM vs Strømsgodset,2025-06-22,Eliteserien,A,0.7537798285484314,0.0,SMALL BET,1.0,Low
19354628,Kristiansund vs Rosenborg,2025-06-22,Eliteserien,D,0.4864366054534912,0.0,AVOID,0.0,High
19354629,Sandefjord vs Haugesund,2025-06-22,Eliteserien,A,0.5501526594161987,0.0,AVOID,0.0,High
19354630,Sarpsborg 08 vs Bryne,2025-06-22,Eliteserien,A,0.7288407683372498,0.0,SMALL BET,1.0,Low
19354631,Viking vs Fredrikstad,2025-06-22,Eliteserien,A,0.7656517624855042,0.0,SMALL BET,1.0,Low
19354632,Vålerenga vs Molde,2025-06-22,Eliteserien,H,0.4461352825164795,0.0,AVOID,0.0,High
19347783,AIK vs IFK Göteborg,2025-06-28,Allsvenskan,A,0.5058985352516174,0.0,AVOID,0.0,High
19347784,Djurgården vs Norrköping,2025-06-28,Allsvenskan,A,0.45939546823501587,0.0,AVOID,0.0,High
19347785,Hammarby vs Halmstad,2025-06-28,Allsvenskan,A,0.5428647398948669,0.0,AVOID,0.0,High
19347786,Häcken vs GAIS,2025-06-28,Allsvenskan,D,0.5053128600120544,0.0,AVOID,0.0,High
19347787,Öster vs Sirius,2025-06-28,Allsvenskan,A,0.4904906153678894,0.0,AVOID,0.0,High
19347788,Mjällby vs Malmö FF,2025-06-28,Allsvenskan,A,0.4544062614440918,0.0,AVOID,0.0,High
19347789,Degerfors vs Brommapojkarna,2025-06-28,Allsvenskan,D,0.4116723835468292,0.0,AVOID,0.0,High
19347790,Värnamo vs Elfsborg,2025-06-28,Allsvenskan,A,0.7983601689338684,0.0,SMALL BET,1.0,Low
19354633,Bodø / Glimt vs Sarpsborg 08,2025-06-29,Eliteserien,D,0.4876832664012909,0.0,AVOID,0.0,High
19354634,Brann vs Sandefjord,2025-06-29,Eliteserien,A,0.7741698026657104,0.0,SMALL BET,1.0,Low
19354635,Bryne vs HamKam,2025-06-29,Eliteserien,A,0.7248151302337646,0.0,SMALL BET,1.0,Low
19354636,Fredrikstad vs Tromsø,2025-06-29,Eliteserien,A,0.47280627489089966,0.0,AVOID,0.0,High
19354637,Haugesund vs Kristiansund,2025-06-29,Eliteserien,A,0.637473464012146,0.0,SMALL BET,1.0,Low
19354638,Molde vs KFUM,2025-06-29,Eliteserien,A,0.6162176728248596,0.0,SMALL BET,1.0,Low
19354639,Rosenborg vs Viking,2025-06-29,Eliteserien,A,0.5650712251663208,0.0,AVOID,0.0,High
19354640,Strømsgodset vs Vålerenga,2025-06-29,Eliteserien,A,0.438633531332016,0.0,AVOID,0.0,High
19347791,Djurgården vs Degerfors,2025-07-05,Allsvenskan,D,0.5360970497131348,0.0,AVOID,0.0,High
19347792,Hammarby vs Värnamo,2025-07-05,Allsvenskan,A,0.760445773601532,0.0,SMALL BET,1.0,Low
19347793,Elfsborg vs Häcken,2025-07-05,Allsvenskan,D,0.5538451671600342,0.0,AVOID,0.0,High
19347794,GAIS vs Malmö FF,2025-07-05,Allsvenskan,A,0.714510440826416,0.0,SMALL BET,1.0,Low
19347795,IFK Göteborg vs Sirius,2025-07-05,Allsvenskan,A,0.5602452754974365,0.0,AVOID,0.0,High
19347796,Öster vs Mjällby,2025-07-05,Allsvenskan,A,0.6705297827720642,0.0,SMALL BET,1.0,Low
19347797,Norrköping vs Brommapojkarna,2025-07-05,Allsvenskan,A,0.6936069130897522,0.0,SMALL BET,1.0,Low
19347798,Halmstad vs AIK,2025-07-05,Allsvenskan,D,0.502773642539978,0.0,AVOID,0.0,High
19354641,HamKam vs Brann,2025-07-06,Eliteserien,A,0.5079636573791504,0.0,AVOID,0.0,High
19354642,KFUM vs Bryne,2025-07-06,Eliteserien,A,0.598792314529419,0.0,AVOID,0.0,High
19354643,Kristiansund vs Bodø / Glimt,2025-07-06,Eliteserien,A,0.525445818901062,0.0,AVOID,0.0,High
19354644,Sandefjord vs Rosenborg,2025-07-06,Eliteserien,A,0.4535254240036011,0.0,AVOID,0.0,High
19354645,Sarpsborg 08 vs Haugesund,2025-07-06,Eliteserien,A,0.7140563726425171,0.0,SMALL BET,1.0,Low
19354646,Tromsø vs Molde,2025-07-06,Eliteserien,A,0.7348382472991943,0.0,SMALL BET,1.0,Low
19354647,Viking vs Strømsgodset,2025-07-06,Eliteserien,A,0.753974199295044,0.0,SMALL BET,1.0,Low
19354648,Vålerenga vs Fredrikstad,2025-07-06,Eliteserien,A,0.7105724811553955,0.0,SMALL BET,1.0,Low
19347799,AIK vs Degerfors,2025-07-12,Allsvenskan,A,0.7124846577644348,0.0,SMALL BET,1.0,Low
19347800,Brommapojkarna vs Öster,2025-07-12,Allsvenskan,A,0.5865128636360168,0.0,AVOID,0.0,High
19347801,GAIS vs Hammarby,2025-07-12,Allsvenskan,D,0.5162307620048523,0.0,AVOID,0.0,High
19347802,IFK Göteborg vs Elfsborg,2025-07-12,Allsvenskan,A,0.6775026321411133,0.0,SMALL BET,1.0,Low
19347803,Häcken vs Halmstad,2025-07-12,Allsvenskan,A,0.717372477054596,0.0,SMALL BET,1.0,Low
19347804,Malmö FF vs Norrköping,2025-07-12,Allsvenskan,A,0.7913990020751953,0.0,SMALL BET,1.0,Low
19347805,Sirius vs Mjällby,2025-07-12,Allsvenskan,A,0.6775299310684204,0.0,SMALL BET,1.0,Low
19347806,Värnamo vs Djurgården,2025-07-12,Allsvenskan,A,0.46786922216415405,0.0,AVOID,0.0,High
19354649,Bodø / Glimt vs Sandefjord,2025-07-13,Eliteserien,A,0.4479052722454071,0.0,AVOID,0.0,High
19354650,Brann vs Viking,2025-07-13,Eliteserien,D,0.4591923952102661,0.0,AVOID,0.0,High
19354651,Bryne vs Vålerenga,2025-07-13,Eliteserien,A,0.7846425771713257,0.0,SMALL BET,1.0,Low
19354652,Fredrikstad vs Molde,2025-07-13,Eliteserien,A,0.48153889179229736,0.0,AVOID,0.0,High
19354653,Haugesund vs KFUM,2025-07-13,Eliteserien,A,0.6696838140487671,0.0,SMALL BET,1.0,Low
19354654,Kristiansund vs Sarpsborg 08,2025-07-13,Eliteserien,A,0.5800691246986389,0.0,AVOID,0.0,High
19354655,Rosenborg vs HamKam,2025-07-13,Eliteserien,D,0.43262723088264465,0.0,AVOID,0.0,High
19354656,Strømsgodset vs Tromsø,2025-07-13,Eliteserien,A,0.5716155767440796,0.0,AVOID,0.0,High
19354585,Fredrikstad vs Bodø / Glimt,2025-07-16,Eliteserien,A,0.44952523708343506,0.0,AVOID,0.0,High
19347807,Djurgården vs Elfsborg,2025-07-19,Allsvenskan,D,0.6012972593307495,0.0,SMALL BET,1.0,Low
19347808,Hammarby vs Brommapojkarna,2025-07-19,Allsvenskan,A,0.7220900654792786,0.0,SMALL BET,1.0,Low
19347809,Öster vs Malmö FF,2025-07-19,Allsvenskan,A,0.8375378847122192,0.0,SMALL BET,1.0,Low
19347810,Mjällby vs AIK,2025-07-19,Allsvenskan,A,0.5551260113716125,0.0,AVOID,0.0,High
19347811,Norrköping vs Värnamo,2025-07-19,Allsvenskan,A,0.4762609601020813,0.0,AVOID,0.0,High
19347812,Sirius vs IFK Göteborg,2025-07-19,Allsvenskan,A,0.7956008911132812,0.0,SMALL BET,1.0,Low
19347813,Halmstad vs Häcken,2025-07-19,Allsvenskan,D,0.40874552726745605,0.0,AVOID,0.0,High
19347814,Degerfors vs GAIS,2025-07-19,Allsvenskan,A,0.7948251366615295,0.0,SMALL BET,1.0,Low
19354657,HamKam vs Fredrikstad,2025-07-20,Eliteserien,A,0.6843529343605042,0.0,SMALL BET,1.0,Low
19354658,KFUM vs Brann,2025-07-20,Eliteserien,A,0.8317204713821411,0.0,SMALL BET,1.0,Low
19354659,Molde vs Strømsgodset,2025-07-20,Eliteserien,A,0.49470391869544983,0.0,AVOID,0.0,High
19354660,Sandefjord vs Kristiansund,2025-07-20,Eliteserien,A,0.4783150851726532,0.0,AVOID,0.0,High
19354661,Sarpsborg 08 vs Rosenborg,2025-07-20,Eliteserien,A,0.7660726308822632,0.0,SMALL BET,1.0,Low
19354662,Tromsø vs Bryne,2025-07-20,Eliteserien,A,0.49733418226242065,0.0,AVOID,0.0,High
19354663,Viking vs Bodø / Glimt,2025-07-20,Eliteserien,A,0.47406861186027527,0.0,AVOID,0.0,High
19354664,Vålerenga vs Haugesund,2025-07-20,Eliteserien,A,0.6155282258987427,0.0,SMALL BET,1.0,Low
19347815,AIK vs Öster,2025-07-26,Allsvenskan,A,0.5097920298576355,0.0,AVOID,0.0,High
19347816,Brommapojkarna vs Malmö FF,2025-07-26,Allsvenskan,A,0.7189313769340515,0.0,SMALL BET,1.0,Low
19347817,Elfsborg vs IFK Göteborg,2025-07-26,Allsvenskan,A,0.5257214307785034,0.0,AVOID,0.0,High
19347818,GAIS vs Halmstad,2025-07-26,Allsvenskan,A,0.35886821150779724,0.0,AVOID,0.0,High
19347819,Häcken vs Djurgården,2025-07-26,Allsvenskan,A,0.5446997880935669,0.0,AVOID,0.0,High
19347820,Mjällby vs Sirius,2025-07-26,Allsvenskan,A,0.711527943611145,0.0,SMALL BET,1.0,Low
19347821,Degerfors vs Norrköping,2025-07-26,Allsvenskan,A,0.43532609939575195,0.0,AVOID,0.0,High
19347822,Värnamo vs Hammarby,2025-07-26,Allsvenskan,A,0.7619900107383728,0.0,SMALL BET,1.0,Low
19354666,Bodø / Glimt vs Vålerenga,2025-07-27,Eliteserien,A,0.7439427971839905,0.0,SMALL BET,1.0,Low
19354667,Bryne vs Viking,2025-07-27,Eliteserien,A,0.44226497411727905,0.0,AVOID,0.0,High
19354668,Fredrikstad vs Strømsgodset,2025-07-27,Eliteserien,A,0.5448583960533142,0.0,AVOID,0.0,High
19354669,Haugesund vs HamKam,2025-07-27,Eliteserien,D,0.397347092628479,0.0,AVOID,0.0,High
19354670,Kristiansund vs KFUM,2025-07-27,Eliteserien,D,0.49062520265579224,0.0,AVOID,0.0,High
19354671,Rosenborg vs Tromsø,2025-07-27,Eliteserien,A,0.5879274606704712,0.0,AVOID,0.0,High
19354672,Sandefjord vs Sarpsborg 08,2025-07-27,Eliteserien,A,0.6981830596923828,0.0,SMALL BET,1.0,Low
19354593,Bodø / Glimt vs Strømsgodset,2025-07-30,Eliteserien,A,0.7442815899848938,0.0,SMALL BET,1.0,Low
19347823,Djurgården vs Halmstad,2025-08-02,Allsvenskan,D,0.4146984815597534,0.0,AVOID,0.0,High
19347825,Brommapojkarna vs Norrköping,2025-08-02,Allsvenskan,D,0.5462470650672913,0.0,AVOID,0.0,High
19347826,IFK Göteborg vs Degerfors,2025-08-02,Allsvenskan,A,0.4731418490409851,0.0,AVOID,0.0,High
19347827,Häcken vs Elfsborg,2025-08-02,Allsvenskan,A,0.700369656085968,0.0,SMALL BET,1.0,Low
19347829,Sirius vs Öster,2025-08-02,Allsvenskan,A,0.7091220021247864,0.0,SMALL BET,1.0,Low
19347830,Värnamo vs GAIS,2025-08-02,Allsvenskan,A,0.7651589512825012,0.0,SMALL BET,1.0,Low
19354674,HamKam vs Bodø / Glimt,2025-08-03,Eliteserien,A,0.6804598569869995,0.0,SMALL BET,1.0,Low
19354675,KFUM vs Rosenborg,2025-08-03,Eliteserien,A,0.657961368560791,0.0,SMALL BET,1.0,Low
19354676,Molde vs Bryne,2025-08-03,Eliteserien,A,0.6251964569091797,0.0,SMALL BET,1.0,Low
19354677,Sarpsborg 08 vs Brann,2025-08-03,Eliteserien,A,0.6234758496284485,0.0,SMALL BET,1.0,Low
19354678,Strømsgodset vs Haugesund,2025-08-03,Eliteserien,A,0.6348430514335632,0.0,SMALL BET,1.0,Low
19354679,Tromsø vs Fredrikstad,2025-08-03,Eliteserien,A,0.6290516257286072,0.0,SMALL BET,1.0,Low
19354680,Vålerenga vs Sandefjord,2025-08-03,Eliteserien,A,0.7568700909614563,0.0,SMALL BET,1.0,Low
19347831,AIK vs Djurgården,2025-08-09,Allsvenskan,H,0.4090281128883362,0.0,AVOID,0.0,High
19347832,Elfsborg vs Värnamo,2025-08-09,Allsvenskan,A,0.8008335828781128,0.0,SMALL BET,1.0,Low
19347833,GAIS vs IFK Göteborg,2025-08-09,Allsvenskan,A,0.6172441244125366,0.0,SMALL BET,1.0,Low
19347834,Öster vs Brommapojkarna,2025-08-09,Allsvenskan,A,0.7197698950767517,0.0,SMALL BET,1.0,Low
19347835,Malmö FF vs Mjällby,2025-08-09,Allsvenskan,A,0.598699688911438,0.0,AVOID,0.0,High
19347836,Norrköping vs Hammarby,2025-08-09,Allsvenskan,A,0.7565947771072388,0.0,SMALL BET,1.0,Low
19347837,Halmstad vs Sirius,2025-08-09,Allsvenskan,A,0.7307333946228027,0.0,SMALL BET,1.0,Low
19347838,Degerfors vs Häcken,2025-08-09,Allsvenskan,A,0.6537481546401978,0.0,SMALL BET,1.0,Low
19354684,Bodø / Glimt vs Tromsø,2025-08-10,Eliteserien,A,0.7239313125610352,0.0,SMALL BET,1.0,Low
19354685,Bryne vs KFUM,2025-08-10,Eliteserien,A,0.8122813105583191,0.0,SMALL BET,1.0,Low
19354686,Haugesund vs Sarpsborg 08,2025-08-10,Eliteserien,D,0.5541137456893921,0.0,AVOID,0.0,High
19354687,Molde vs HamKam,2025-08-10,Eliteserien,A,0.5568462610244751,0.0,AVOID,0.0,High
19354688,Sandefjord vs Viking,2025-08-10,Eliteserien,A,0.6271377801895142,0.0,SMALL BET,1.0,Low
19347839,Hammarby vs GAIS,2025-08-16,Allsvenskan,A,0.7469812631607056,0.0,SMALL BET,1.0,Low
19347840,Brommapojkarna vs Sirius,2025-08-16,Allsvenskan,A,0.6978232264518738,0.0,SMALL BET,1.0,Low
19347841,IFK Göteborg vs AIK,2025-08-16,Allsvenskan,D,0.6362615823745728,0.0,SMALL BET,1.0,Low
19347842,Häcken vs Öster,2025-08-16,Allsvenskan,A,0.7368826866149902,0.0,SMALL BET,1.0,Low
19347843,Mjällby vs Djurgården,2025-08-16,Allsvenskan,A,0.7061893939971924,0.0,SMALL BET,1.0,Low
19347844,Norrköping vs Elfsborg,2025-08-16,Allsvenskan,A,0.714251697063446,0.0,SMALL BET,1.0,Low
19347845,Halmstad vs Malmö FF,2025-08-16,Allsvenskan,H,0.3844173550605774,0.0,AVOID,0.0,High
19347846,Värnamo vs Degerfors,2025-08-16,Allsvenskan,D,0.5309249758720398,0.0,AVOID,0.0,High
19354691,HamKam vs Bryne,2025-08-17,Eliteserien,D,0.5379838943481445,0.0,AVOID,0.0,High
19354692,KFUM vs Molde,2025-08-17,Eliteserien,A,0.7006363272666931,0.0,SMALL BET,1.0,Low
19354693,Kristiansund vs Sandefjord,2025-08-17,Eliteserien,A,0.7349090576171875,0.0,SMALL BET,1.0,Low
19354694,Strømsgodset vs Bodø / Glimt,2025-08-17,Eliteserien,A,0.7036580443382263,0.0,SMALL BET,1.0,Low
19354695,Tromsø vs Brann,2025-08-17,Eliteserien,D,0.4578719735145569,0.0,AVOID,0.0,High
19354696,Vålerenga vs Sarpsborg 08,2025-08-17,Eliteserien,A,0.6505553722381592,0.0,SMALL BET,1.0,Low
19347847,Djurgården vs Brommapojkarna,2025-08-23,Allsvenskan,A,0.44271090626716614,0.0,AVOID,0.0,High
19347848,Elfsborg vs Halmstad,2025-08-23,Allsvenskan,A,0.8195991516113281,0.0,SMALL BET,1.0,Low
19347849,GAIS vs Mjällby,2025-08-23,Allsvenskan,A,0.755255937576294,0.0,SMALL BET,1.0,Low
19347850,Öster vs Norrköping,2025-08-23,Allsvenskan,A,0.4815153479576111,0.0,AVOID,0.0,High
19347851,Malmö FF vs IFK Göteborg,2025-08-23,Allsvenskan,A,0.8655403256416321,0.0,SMALL BET,1.0,Low
19347852,Sirius vs Hammarby,2025-08-23,Allsvenskan,A,0.4972851276397705,0.0,AVOID,0.0,High
19347853,Degerfors vs AIK,2025-08-23,Allsvenskan,A,0.7302922606468201,0.0,SMALL BET,1.0,Low
19347854,Värnamo vs Häcken,2025-08-23,Allsvenskan,D,0.5312899947166443,0.0,AVOID,0.0,High
19354698,Brann vs Fredrikstad,2025-08-24,Eliteserien,A,0.603060781955719,0.0,SMALL BET,1.0,Low
19354699,Bryne vs Strømsgodset,2025-08-24,Eliteserien,D,0.5078057050704956,0.0,AVOID,0.0,High
19354700,Haugesund vs Vålerenga,2025-08-24,Eliteserien,A,0.6186925172805786,0.0,SMALL BET,1.0,Low
19354701,KFUM vs HamKam,2025-08-24,Eliteserien,H,0.5307922959327698,0.0,AVOID,0.0,High
19354702,Molde vs Tromsø,2025-08-24,Eliteserien,A,0.46595630049705505,0.0,AVOID,0.0,High
19354703,Rosenborg vs Sandefjord,2025-08-24,Eliteserien,A,0.48981040716171265,0.0,AVOID,0.0,High
19354704,Sarpsborg 08 vs Kristiansund,2025-08-24,Eliteserien,A,0.571833610534668,0.0,AVOID,0.0,High
19347855,AIK vs Sirius,2025-08-30,Allsvenskan,A,0.4753572940826416,0.0,AVOID,0.0,High
19347856,Hammarby vs Öster,2025-08-30,Allsvenskan,A,0.6181173324584961,0.0,SMALL BET,1.0,Low
19347857,Brommapojkarna vs Elfsborg,2025-08-30,Allsvenskan,H,0.7266548871994019,0.0,SMALL BET,1.0,Low
19347858,GAIS vs Häcken,2025-08-30,Allsvenskan,A,0.602595329284668,0.0,SMALL BET,1.0,Low
19347859,IFK Göteborg vs Värnamo,2025-08-30,Allsvenskan,H,0.441581130027771,0.0,AVOID,0.0,High
19347860,Malmö FF vs Degerfors,2025-08-30,Allsvenskan,A,0.6518971920013428,0.0,SMALL BET,1.0,Low
19347861,Mjällby vs Halmstad,2025-08-30,Allsvenskan,D,0.5523010492324829,0.0,AVOID,0.0,High
19347862,Norrköping vs Djurgården,2025-08-30,Allsvenskan,A,0.7272990942001343,0.0,SMALL BET,1.0,Low
19354705,Fredrikstad vs Haugesund,2025-08-31,Eliteserien,A,0.6736741065979004,0.0,SMALL BET,1.0,Low
19354706,HamKam vs Sarpsborg 08,2025-08-31,Eliteserien,H,0.43684151768684387,0.0,AVOID,0.0,High
19354707,Kristiansund vs Brann,2025-08-31,Eliteserien,A,0.7545851469039917,0.0,SMALL BET,1.0,Low
19354708,Sandefjord vs Bodø / Glimt,2025-08-31,Eliteserien,A,0.7348039150238037,0.0,SMALL BET,1.0,Low
19354709,Strømsgodset vs Molde,2025-08-31,Eliteserien,A,0.6438897848129272,0.0,SMALL BET,1.0,Low
19354710,Tromsø vs KFUM,2025-08-31,Eliteserien,A,0.6097108125686646,0.0,SMALL BET,1.0,Low
19354711,Viking vs Rosenborg,2025-08-31,Eliteserien,A,0.5152590274810791,0.0,AVOID,0.0,High
19354712,Vålerenga vs Bryne,2025-08-31,Eliteserien,H,0.47304612398147583,0.0,AVOID,0.0,High
19347863,AIK vs Brommapojkarna,2025-09-13,Allsvenskan,A,0.6322494745254517,0.0,SMALL BET,1.0,Low
19347864,Djurgården vs Hammarby,2025-09-13,Allsvenskan,A,0.6782765984535217,0.0,SMALL BET,1.0,Low
19347865,Elfsborg vs Malmö FF,2025-09-13,Allsvenskan,A,0.6483199000358582,0.0,SMALL BET,1.0,Low
19347866,Häcken vs IFK Göteborg,2025-09-13,Allsvenskan,A,0.6863119006156921,0.0,SMALL BET,1.0,Low
19347867,Öster vs Värnamo,2025-09-13,Allsvenskan,A,0.6961455345153809,0.0,SMALL BET,1.0,Low
19347868,Sirius vs GAIS,2025-09-13,Allsvenskan,A,0.6325621604919434,0.0,SMALL BET,1.0,Low
19347869,Halmstad vs Norrköping,2025-09-13,Allsvenskan,A,0.8019372224807739,0.0,SMALL BET,1.0,Low
19347870,Degerfors vs Mjällby,2025-09-13,Allsvenskan,A,0.6094325184822083,0.0,SMALL BET,1.0,Low
19354713,Bodø / Glimt vs Kristiansund,2025-09-14,Eliteserien,A,0.47845885157585144,0.0,AVOID,0.0,High
19354714,Brann vs Vålerenga,2025-09-14,Eliteserien,A,0.7505767345428467,0.0,SMALL BET,1.0,Low
19354715,Bryne vs Tromsø,2025-09-14,Eliteserien,D,0.5122824907302856,0.0,AVOID,0.0,High
19354716,HamKam vs Strømsgodset,2025-09-14,Eliteserien,A,0.703607439994812,0.0,SMALL BET,1.0,Low
19354717,Haugesund vs Rosenborg,2025-09-14,Eliteserien,A,0.5491077303886414,0.0,AVOID,0.0,High
19354718,KFUM vs Viking,2025-09-14,Eliteserien,A,0.6235771179199219,0.0,SMALL BET,1.0,Low
19354719,Molde vs Fredrikstad,2025-09-14,Eliteserien,A,0.6571915149688721,0.0,SMALL BET,1.0,Low
19354720,Sarpsborg 08 vs Sandefjord,2025-09-14,Eliteserien,D,0.4667332172393799,0.0,AVOID,0.0,High
19347871,Hammarby vs Häcken,2025-09-20,Allsvenskan,A,0.6518299579620361,0.0,SMALL BET,1.0,Low
19347872,GAIS vs Elfsborg,2025-09-20,Allsvenskan,A,0.42891401052474976,0.0,AVOID,0.0,High
19347873,IFK Göteborg vs Brommapojkarna,2025-09-20,Allsvenskan,A,0.4900965988636017,0.0,AVOID,0.0,High
19347874,Malmö FF vs Djurgården,2025-09-20,Allsvenskan,D,0.508033037185669,0.0,AVOID,0.0,High
19347875,Mjällby vs Öster,2025-09-20,Allsvenskan,A,0.5777219533920288,0.0,AVOID,0.0,High
19347876,Norrköping vs AIK,2025-09-20,Allsvenskan,A,0.49506813287734985,0.0,AVOID,0.0,High
19347877,Sirius vs Degerfors,2025-09-20,Allsvenskan,A,0.6662576794624329,0.0,SMALL BET,1.0,Low
19347878,Värnamo vs Halmstad,2025-09-20,Allsvenskan,A,0.7360689640045166,0.0,SMALL BET,1.0,Low
19354721,Fredrikstad vs Bryne,2025-09-21,Eliteserien,A,0.6293672919273376,0.0,SMALL BET,1.0,Low
19354722,Kristiansund vs Haugesund,2025-09-21,Eliteserien,A,0.7020426988601685,0.0,SMALL BET,1.0,Low
19354723,Rosenborg vs Bodø / Glimt,2025-09-21,Eliteserien,H,0.4350329637527466,0.0,AVOID,0.0,High
19354724,Sandefjord vs Brann,2025-09-21,Eliteserien,A,0.6557612419128418,0.0,SMALL BET,1.0,Low
19354725,Strømsgodset vs Sarpsborg 08,2025-09-21,Eliteserien,A,0.49105626344680786,0.0,AVOID,0.0,High
19354726,Tromsø vs HamKam,2025-09-21,Eliteserien,H,0.6371371150016785,0.0,SMALL BET,1.0,Low
19354727,Viking vs Molde,2025-09-21,Eliteserien,A,0.8007251620292664,0.0,SMALL BET,1.0,Low
19354728,Vålerenga vs KFUM,2025-09-21,Eliteserien,A,0.7216606736183167,0.0,SMALL BET,1.0,Low
19347879,AIK vs GAIS,2025-09-27,Allsvenskan,A,0.7857743501663208,0.0,SMALL BET,1.0,Low
19347880,Djurgården vs Sirius,2025-09-27,Allsvenskan,A,0.4744585156440735,0.0,AVOID,0.0,High
19347881,Brommapojkarna vs Mjällby,2025-09-27,Allsvenskan,D,0.5519324541091919,0.0,AVOID,0.0,High
19347882,Elfsborg vs Degerfors,2025-09-27,Allsvenskan,A,0.7201230525970459,0.0,SMALL BET,1.0,Low
19347883,Häcken vs Norrköping,2025-09-27,Allsvenskan,A,0.6650799512863159,0.0,SMALL BET,1.0,Low
19347884,Öster vs IFK Göteborg,2025-09-27,Allsvenskan,A,0.7286691665649414,0.0,SMALL BET,1.0,Low
19347885,Malmö FF vs Värnamo,2025-09-27,Allsvenskan,A,0.5016230344772339,0.0,AVOID,0.0,High
19347886,Halmstad vs Hammarby,2025-09-27,Allsvenskan,D,0.4617217481136322,0.0,AVOID,0.0,High
19354729,Brann vs Bodø / Glimt,2025-09-28,Eliteserien,A,0.6400654911994934,0.0,SMALL BET,1.0,Low
19354730,Bryne vs Kristiansund,2025-09-28,Eliteserien,A,0.44022655487060547,0.0,AVOID,0.0,High
19354731,HamKam vs Rosenborg,2025-09-28,Eliteserien,A,0.6841292381286621,0.0,SMALL BET,1.0,Low
19354732,Haugesund vs Sandefjord,2025-09-28,Eliteserien,A,0.4497050344944,0.0,AVOID,0.0,High
19354733,KFUM vs Fredrikstad,2025-09-28,Eliteserien,A,0.6333893537521362,0.0,SMALL BET,1.0,Low
19354734,Molde vs Vålerenga,2025-09-28,Eliteserien,A,0.570484459400177,0.0,AVOID,0.0,High
19354735,Sarpsborg 08 vs Viking,2025-09-28,Eliteserien,A,0.6160942316055298,0.0,SMALL BET,1.0,Low
19354736,Tromsø vs Strømsgodset,2025-09-28,Eliteserien,A,0.6408271193504333,0.0,SMALL BET,1.0,Low
19347887,AIK vs Värnamo,2025-10-04,Allsvenskan,A,0.7742790579795837,0.0,SMALL BET,1.0,Low
19347888,Brommapojkarna vs Häcken,2025-10-04,Allsvenskan,A,0.7723879814147949,0.0,SMALL BET,1.0,Low
19347889,GAIS vs Norrköping,2025-10-04,Allsvenskan,A,0.6126224994659424,0.0,SMALL BET,1.0,Low
19347890,IFK Göteborg vs Hammarby,2025-10-04,Allsvenskan,A,0.6030396223068237,0.0,SMALL BET,1.0,Low
19347891,Öster vs Halmstad,2025-10-04,Allsvenskan,A,0.6881322860717773,0.0,SMALL BET,1.0,Low
19347892,Mjällby vs Elfsborg,2025-10-04,Allsvenskan,H,0.45787525177001953,0.0,AVOID,0.0,High
19347893,Sirius vs Malmö FF,2025-10-04,Allsvenskan,A,0.7133058905601501,0.0,SMALL BET,1.0,Low
19347894,Degerfors vs Djurgården,2025-10-04,Allsvenskan,A,0.5394477844238281,0.0,AVOID,0.0,High
19354737,Bodø / Glimt vs Haugesund,2025-10-05,Eliteserien,D,0.6219477653503418,0.0,SMALL BET,1.0,Low
19354738,Fredrikstad vs HamKam,2025-10-05,Eliteserien,H,0.45815324783325195,0.0,AVOID,0.0,High
19354739,Kristiansund vs Molde,2025-10-05,Eliteserien,D,0.4717552959918976,0.0,AVOID,0.0,High
19354740,Rosenborg vs Sarpsborg 08,2025-10-05,Eliteserien,A,0.5545027852058411,0.0,AVOID,0.0,High
19354741,Sandefjord vs Bryne,2025-10-05,Eliteserien,A,0.7844887971878052,0.0,SMALL BET,1.0,Low
19354742,Strømsgodset vs KFUM,2025-10-05,Eliteserien,A,0.7809022665023804,0.0,SMALL BET,1.0,Low
19354743,Viking vs Brann,2025-10-05,Eliteserien,A,0.7361617088317871,0.0,SMALL BET,1.0,Low
19354744,Vålerenga vs Tromsø,2025-10-05,Eliteserien,A,0.6551807522773743,0.0,SMALL BET,1.0,Low
19347895,Hammarby vs AIK,2025-10-18,Allsvenskan,A,0.4465927481651306,0.0,AVOID,0.0,High
19347896,Elfsborg vs Öster,2025-10-18,Allsvenskan,A,0.8154125809669495,0.0,SMALL BET,1.0,Low
19347897,GAIS vs Djurgården,2025-10-18,Allsvenskan,A,0.7028536200523376,0.0,SMALL BET,1.0,Low
19347898,IFK Göteborg vs Mjällby,2025-10-18,Allsvenskan,A,0.6654903292655945,0.0,SMALL BET,1.0,Low
19347899,Häcken vs Sirius,2025-10-18,Allsvenskan,A,0.5495493412017822,0.0,AVOID,0.0,High
19347900,Norrköping vs Malmö FF,2025-10-18,Allsvenskan,A,0.507309079170227,0.0,AVOID,0.0,High
19347901,Degerfors vs Halmstad,2025-10-18,Allsvenskan,A,0.6311299800872803,0.0,SMALL BET,1.0,Low
19347902,Värnamo vs Brommapojkarna,2025-10-18,Allsvenskan,A,0.6935048699378967,0.0,SMALL BET,1.0,Low
19354745,Brann vs Haugesund,2025-10-19,Eliteserien,A,0.6214572191238403,0.0,SMALL BET,1.0,Low
19354746,Bryne vs Rosenborg,2025-10-19,Eliteserien,A,0.6608113646507263,0.0,SMALL BET,1.0,Low
19354747,HamKam vs Vålerenga,2025-10-19,Eliteserien,A,0.6922086477279663,0.0,SMALL BET,1.0,Low
19354748,KFUM vs Kristiansund,2025-10-19,Eliteserien,A,0.6684762239456177,0.0,SMALL BET,1.0,Low
19354749,Molde vs Sandefjord,2025-10-19,Eliteserien,A,0.4617014527320862,0.0,AVOID,0.0,High
19354750,Sarpsborg 08 vs Bodø / Glimt,2025-10-19,Eliteserien,A,0.6808353662490845,0.0,SMALL BET,1.0,Low
19354751,Strømsgodset vs Fredrikstad,2025-10-19,Eliteserien,A,0.4397051930427551,0.0,AVOID,0.0,High
19354752,Tromsø vs Viking,2025-10-19,Eliteserien,A,0.6505340337753296,0.0,SMALL BET,1.0,Low
19347903,AIK vs Häcken,2025-10-25,Allsvenskan,A,0.5757087469100952,0.0,AVOID,0.0,High
19347904,Djurgården vs Värnamo,2025-10-25,Allsvenskan,A,0.6289575099945068,0.0,SMALL BET,1.0,Low
19347905,Brommapojkarna vs GAIS,2025-10-25,Allsvenskan,A,0.624505877494812,0.0,SMALL BET,1.0,Low
19347906,Öster vs Degerfors,2025-10-25,Allsvenskan,D,0.5460052490234375,0.0,AVOID,0.0,High
19347907,Malmö FF vs Hammarby,2025-10-25,Allsvenskan,D,0.4354115426540375,0.0,AVOID,0.0,High
19347908,Mjällby vs Norrköping,2025-10-25,Allsvenskan,A,0.5984387397766113,0.0,AVOID,0.0,High
19347909,Sirius vs Elfsborg,2025-10-25,Allsvenskan,D,0.5262123346328735,0.0,AVOID,0.0,High
19347910,Halmstad vs IFK Göteborg,2025-10-25,Allsvenskan,A,0.5494866967201233,0.0,AVOID,0.0,High
19354753,Bodø / Glimt vs Molde,2025-10-26,Eliteserien,A,0.6490067839622498,0.0,SMALL BET,1.0,Low
19354754,Haugesund vs Tromsø,2025-10-26,Eliteserien,A,0.7368015050888062,0.0,SMALL BET,1.0,Low
19354755,Kristiansund vs HamKam,2025-10-26,Eliteserien,A,0.5409470200538635,0.0,AVOID,0.0,High
19354756,Rosenborg vs Brann,2025-10-26,Eliteserien,D,0.40134280920028687,0.0,AVOID,0.0,High
19354757,Sandefjord vs Fredrikstad,2025-10-26,Eliteserien,A,0.6150251030921936,0.0,SMALL BET,1.0,Low
19354758,Sarpsborg 08 vs KFUM,2025-10-26,Eliteserien,A,0.5039647817611694,0.0,AVOID,0.0,High
19354759,Viking vs Bryne,2025-10-26,Eliteserien,A,0.8715875148773193,0.0,SMALL BET,1.0,Low
19354760,Vålerenga vs Strømsgodset,2025-10-26,Eliteserien,A,0.7017512917518616,0.0,SMALL BET,1.0,Low
19347911,Djurgården vs IFK Göteborg,2025-11-01,Allsvenskan,D,0.41352325677871704,0.0,AVOID,0.0,High
19347912,Elfsborg vs AIK,2025-11-01,Allsvenskan,A,0.5337727069854736,0.0,AVOID,0.0,High
19347913,GAIS vs Öster,2025-11-01,Allsvenskan,A,0.5820906162261963,0.0,AVOID,0.0,High
19347914,Häcken vs Malmö FF,2025-11-01,Allsvenskan,A,0.5445972681045532,0.0,AVOID,0.0,High
19347915,Norrköping vs Sirius,2025-11-01,Allsvenskan,D,0.4698537290096283,0.0,AVOID,0.0,High
19347916,Halmstad vs Brommapojkarna,2025-11-01,Allsvenskan,A,0.4602935314178467,0.0,AVOID,0.0,High
19347917,Degerfors vs Hammarby,2025-11-01,Allsvenskan,A,0.4969410300254822,0.0,AVOID,0.0,High
19347918,Värnamo vs Mjällby,2025-11-01,Allsvenskan,A,0.6298420429229736,0.0,SMALL BET,1.0,Low
19354761,Bryne vs Brann,2025-11-02,Eliteserien,A,0.5020987391471863,0.0,AVOID,0.0,High
19354762,Fredrikstad vs Kristiansund,2025-11-02,Eliteserien,A,0.6116888523101807,0.0,SMALL BET,1.0,Low
19354763,HamKam vs Sandefjord,2025-11-02,Eliteserien,A,0.7646292448043823,0.0,SMALL BET,1.0,Low
19354764,KFUM vs Haugesund,2025-11-02,Eliteserien,A,0.7454342842102051,0.0,SMALL BET,1.0,Low
19354765,Molde vs Rosenborg,2025-11-02,Eliteserien,H,0.356042742729187,0.0,AVOID,0.0,High
19354766,Strømsgodset vs Viking,2025-11-02,Eliteserien,A,0.4660244286060333,0.0,AVOID,0.0,High
19354767,Tromsø vs Sarpsborg 08,2025-11-02,Eliteserien,A,0.5843080282211304,0.0,AVOID,0.0,High
19354768,Vålerenga vs Bodø / Glimt,2025-11-02,Eliteserien,A,0.5629225969314575,0.0,AVOID,0.0,High
19347919,AIK vs Halmstad,2025-11-08,Allsvenskan,A,0.5158426761627197,0.0,AVOID,0.0,High
19347920,Hammarby vs Elfsborg,2025-11-08,Allsvenskan,D,0.4802067279815674,0.0,AVOID,0.0,High
19347921,Brommapojkarna vs Degerfors,2025-11-08,Allsvenskan,A,0.43344223499298096,0.0,AVOID,0.0,High
19347922,IFK Göteborg vs Norrköping,2025-11-08,Allsvenskan,A,0.687199056148529,0.0,SMALL BET,1.0,Low
19347923,Öster vs Djurgården,2025-11-08,Allsvenskan,A,0.7073918581008911,0.0,SMALL BET,1.0,Low
19347924,Malmö FF vs GAIS,2025-11-08,Allsvenskan,A,0.7872155904769897,0.0,SMALL BET,1.0,Low
19347925,Mjällby vs Häcken,2025-11-08,Allsvenskan,A,0.4949953258037567,0.0,AVOID,0.0,High
19347926,Sirius vs Värnamo,2025-11-08,Allsvenskan,A,0.6626107692718506,0.0,SMALL BET,1.0,Low
19354769,Bodø / Glimt vs Bryne,2025-11-09,Eliteserien,A,0.4829470217227936,0.0,AVOID,0.0,High
19354770,Brann vs KFUM,2025-11-09,Eliteserien,A,0.6855064630508423,0.0,SMALL BET,1.0,Low
19354771,Haugesund vs Molde,2025-11-09,Eliteserien,A,0.6479474306106567,0.0,SMALL BET,1.0,Low
19354772,Kristiansund vs Strømsgodset,2025-11-09,Eliteserien,A,0.3886604607105255,0.0,AVOID,0.0,High
19354773,Rosenborg vs Vålerenga,2025-11-09,Eliteserien,A,0.5752448439598083,0.0,AVOID,0.0,High
19354774,Sandefjord vs Tromsø,2025-11-09,Eliteserien,A,0.44299107789993286,0.0,AVOID,0.0,High
19354775,Sarpsborg 08 vs Fredrikstad,2025-11-09,Eliteserien,A,0.7252285480499268,0.0,SMALL BET,1.0,Low
19354776,Viking vs HamKam,2025-11-09,Eliteserien,A,0.6907652616500854,0.0,SMALL BET,1.0,Low
19354777,Bryne vs Sarpsborg 08,2025-11-22,Eliteserien,D,0.49883681535720825,0.0,AVOID,0.0,High
19354778,Fredrikstad vs Viking,2025-11-22,Eliteserien,A,0.619566023349762,0.0,SMALL BET,1.0,Low
19354779,HamKam vs Haugesund,2025-11-22,Eliteserien,A,0.521807074546814,0.0,AVOID,0.0,High
19354780,KFUM vs Bodø / Glimt,2025-11-22,Eliteserien,A,0.5976237654685974,0.0,AVOID,0.0,High
19354781,Molde vs Brann,2025-11-22,Eliteserien,A,0.6385467648506165,0.0,SMALL BET,1.0,Low
19354782,Strømsgodset vs Sandefjord,2025-11-22,Eliteserien,D,0.4670301675796509,0.0,AVOID,0.0,High
19354783,Tromsø vs Rosenborg,2025-11-22,Eliteserien,A,0.7424514889717102,0.0,SMALL BET,1.0,Low
19354784,Vålerenga vs Kristiansund,2025-11-22,Eliteserien,A,0.5076690912246704,0.0,AVOID,0.0,High
19354785,Bodø / Glimt vs Fredrikstad,2025-11-30,Eliteserien,A,0.7208303213119507,0.0,SMALL BET,1.0,Low
19354786,Brann vs HamKam,2025-11-30,Eliteserien,A,0.536415696144104,0.0,AVOID,0.0,High
19354787,Haugesund vs Bryne,2025-11-30,Eliteserien,A,0.6897382140159607,0.0,SMALL BET,1.0,Low
19354788,Kristiansund vs Tromsø,2025-11-30,Eliteserien,A,0.7391113042831421,0.0,SMALL BET,1.0,Low
19354789,Rosenborg vs Strømsgodset,2025-11-30,Eliteserien,A,0.47952160239219666,0.0,AVOID,0.0,High
19354790,Sandefjord vs KFUM,2025-11-30,Eliteserien,A,0.8037825226783752,0.0,SMALL BET,1.0,Low
19354791,Sarpsborg 08 vs Molde,2025-11-30,Eliteserien,A,0.6837339401245117,0.0,SMALL BET,1.0,Low
19354792,Viking vs Vålerenga,2025-11-30,Eliteserien,A,0.858576238155365,0.0,SMALL BET,1.0,Low
