fixture_id,starting_at,home_team,home_team_id,away_team,away_team_id,league_name,league_id,score_home,score_away,status,date,predicted_outcome,home_prob,draw_prob,away_prob,confidence,XGBoost_pred,XGBoost_conf,RandomForest_pred,RandomForest_conf,SVM_pred,SVM_conf,NeuralNetwork_pred,NeuralNetwork_conf,odds_A,odds_D,odds_H,bookmaker_count,max_expected_value,value_category
19354690,2025-05-28 17:00:00,Fredrikstad,1743,Rosenborg,1335,Eliteserien,444,,,,2025-05-28,A,0.19952703,0.09442283,0.70605016,0.70605016,A,0.84036994,A,0.36514700185634985,A,0.6437467415991295,A,0.9727196,2.385,3.207,2.942,39.0,0.6839296257495879,Excellent Value
19354697,2025-05-28 19:00:00,Bodø / Glimt,1668,Viking,321,Eliteserien,444,,,,2025-05-28,A,0.32416016,0.122220434,0.55361944,0.55361944,A,0.61696386,H,0.37589871803814195,H,0.5615726711506513,A,0.9488452,5.018,4.724,1.52,39.0,1.7780623718500137,Excellent Value
19419846,2025-05-29 15:00:00,TBC,260131,SK Rapid,3678,Admiral Bundesliga,181,,,,2025-05-29,A,0.15277845,0.06044572,0.7867758,0.7867758,A,0.9285747,A,0.5696576422806795,A,0.653185855152947,A,0.9934037,,,,,0.0,No Value
19354665,2025-05-29 16:00:00,Brann,2474,Molde,290,Eliteserien,444,,,,2025-05-29,A,0.29786777,0.11734985,0.58478236,0.58478236,A,0.54327357,H,0.3669235624382565,A,0.5592380395087819,A,0.8790662,3.479,3.691,1.949,39.0,1.0344578373432158,Excellent Value
19376842,2025-05-29 18:30:00,Winner Semi-final 2,260166,Winner Semi-final 1,260165,Serie B,387,,,,2025-05-29,A,0.1998318,0.1241624,0.6760058,0.6760058,A,0.8112638,A,0.45137432317933024,A,0.621396224325222,A,0.8171702,2.938,3.238,2.34,39.0,0.986104983687401,Excellent Value
19347776,2025-05-31 13:00:00,Elfsborg,1226,Hammarby,2353,Allsvenskan,573,,,,2025-05-31,A,0.18053812,0.05895259,0.76050925,0.76050925,A,0.8502709,A,0.39920266275286626,A,0.8020985251916535,A,0.9887327,2.61,3.572,2.47,36.0,0.9849291491508483,Excellent Value
19347779,2025-05-31 13:00:00,Norrköping,3603,GAIS,1777,Allsvenskan,573,,,,2025-05-31,A,0.12478805,0.1184371,0.7567749,0.7567749,A,0.9202252,A,0.40999003028671577,A,0.710201756179009,A,0.98340625,2.342,3.455,2.84,36.0,0.7723668212890626,Excellent Value
19347782,2025-05-31 13:00:00,Degerfors,2753,Öster,2876,Allsvenskan,573,,,,2025-05-31,A,0.051827803,0.114389405,0.83378273,0.83378273,A,0.9407821,A,0.581261732908639,A,0.8197650000989338,A,0.991124,3.468,3.421,2.05,36.0,1.8915585162639617,Excellent Value
19354617,2025-05-31 14:00:00,Strømsgodset,313,HamKam,8661,Eliteserien,444,,,,2025-05-31,A,0.22119573,0.22391593,0.55488837,0.55488837,A,0.6889487,H,0.4155845224954389,A,0.5926057373059064,A,0.6688246,4.738,4.032,1.636,36.0,1.6290610859394077,Excellent Value
19354618,2025-05-31 16:45:00,Tromsø,7242,Vålerenga,502,Eliteserien,444,,,,2025-05-31,A,0.45372817,0.07577596,0.47049588,0.47049588,H,0.5055421,A,0.3750335475077438,H,0.7748231268070922,A,0.8335062,3.259,3.728,2.044,33.0,0.5333460717797278,Excellent Value
19422004,2025-05-31 22:00:00,TBC,260131,TBC,260131,Superliga,271,,,,2025-05-31,A,0.17749162,0.09526381,0.72724456,0.72724456,A,0.9281072,A,0.47873800094272634,A,0.512105728470437,A,0.98679894,,,,,0.0,No Value
19145109,2025-06-01 00:00:00,Almería,618,Tenerife,1012,La Liga 2,567,,,,2025-06-01,A,0.050015457,0.26442146,0.6855631,0.6855631,A,0.7812999,A,0.528612994327398,A,0.6700820183060646,A,0.76002544,12.825,6.687,1.178,39.0,7.7923465967178345,Excellent Value
19145110,2025-06-01 00:00:00,FC Cartagena,12652,Mirandés,6968,La Liga 2,567,,,,2025-06-01,D,0.12756728,0.5728415,0.29959124,0.5728415,A,0.45209056,A,0.467928073448056,D,0.6856420456704351,D,0.9168965,1.21,5.805,12.581,39.0,2.325345053076744,Excellent Value
19145111,2025-06-01 00:00:00,Castellón,10008,Real Zaragoza,3968,La Liga 2,567,,,,2025-06-01,A,0.32310706,0.07330413,0.6035888,0.6035888,A,0.75695914,A,0.4625577091052229,H,0.5980425125420216,A,0.814197,3.598,3.65,1.892,39.0,1.1717125725746156,Excellent Value
19145112,2025-06-01 00:00:00,Deportivo La Coruña,429,Elche,1099,La Liga 2,567,,,,2025-06-01,A,0.29594633,0.27541083,0.42864284,0.42864284,A,0.5651535,H,0.40003531850116264,A,0.5226825967674641,D,0.45201126,1.544,4.244,5.531,39.0,0.6368791503012179,Excellent Value
19145113,2025-06-01 00:00:00,Racing Ferrol,8396,Sporting Gijón,344,La Liga 2,567,,,,2025-06-01,A,0.052114524,0.24242912,0.7054563,0.7054563,A,0.87958986,A,0.4808800768084039,A,0.5751942490320204,A,0.8828474,2.264,2.756,3.66,33.0,0.5971531004905699,Excellent Value
19145114,2025-06-01 00:00:00,Córdoba,931,Albacete,3169,La Liga 2,567,,,,2025-06-01,A,0.24473295,0.091400504,0.6638666,0.6638666,A,0.66263705,H,0.35534495671830346,A,0.6867235624977521,A,0.9694368,4.047,3.868,1.731,39.0,1.686668047368526,Excellent Value
19145115,2025-06-01 00:00:00,Málaga,126,Burgos,8366,La Liga 2,567,,,,2025-06-01,D,0.24516146,0.50816816,0.2466704,0.50816816,H,0.399944,H,0.40201251234103025,D,0.6149514247850504,D,0.81088644,3.922,3.208,1.945,36.0,0.6302034602165223,Excellent Value
19145116,2025-06-01 00:00:00,Real Oviedo,93,Cádiz,6827,La Liga 2,567,,,,2025-06-01,A,0.098900266,0.30875126,0.5923485,0.5923485,A,0.81646514,A,0.4626968183555656,A,0.5874523525811485,A,0.4962327,5.747,3.516,1.611,36.0,2.404226921379566,Excellent Value
19145117,2025-06-01 00:00:00,Levante,3457,SD Eibar,60,La Liga 2,567,,,,2025-06-01,A,0.25387177,0.24863264,0.4974956,0.4974956,A,0.59455097,H,0.3877046729680099,A,0.5084310145005432,A,0.60932535,4.622,3.896,1.637,39.0,1.2994246245622634,Excellent Value
19145118,2025-06-01 00:00:00,Huesca,274,Eldense,1888,La Liga 2,567,,,,2025-06-01,H,0.5047252,0.058548775,0.43672597,0.5047252,H,0.6960141,H,0.4318901371219005,H,0.6082570946097117,A,0.7234864,3.999,3.408,1.852,39.0,0.7464671703577042,Excellent Value
19145119,2025-06-01 00:00:00,Racing Santander,9818,Granada,103,La Liga 2,567,,,,2025-06-01,A,0.13767858,0.070818216,0.7915032,0.7915032,A,0.8723608,A,0.43711306012369255,A,0.9121145510936776,A,0.94216835,2.715,3.495,2.344,39.0,1.148931163549423,Excellent Value
19172343,2025-06-01 00:00:00,Bodrumspor,13924,Beşiktaş,554,Super Lig,600,,,,2025-06-01,H,0.5243345,0.10920789,0.36645758,0.5243345,H,0.6748568,H,0.4170202630014317,H,0.6240932173944151,A,0.544522,1.851,3.685,3.875,24.0,1.0317961499094963,Excellent Value
19172344,2025-06-01 00:00:00,Galatasaray,34,İstanbul Başakşehir,3702,Super Lig,600,,,,2025-06-01,A,0.3425264,0.23258631,0.4248873,0.4248873,H,0.5554571,A,0.3791902293438276,A,0.4420471935875359,A,0.47723398,5.865,4.722,1.46,24.0,1.4919640117883683,Excellent Value
19172345,2025-06-01 00:00:00,Rizespor,1041,Hatayspor,13833,Super Lig,600,,,,2025-06-01,D,0.20626275,0.5518985,0.24183884,0.5518985,A,0.37300447,H,0.38210858404266584,D,0.7485645565730588,D,0.7919642,6.438,5.26,1.382,18.0,1.9029860019683835,Excellent Value
19172346,2025-06-01 00:00:00,Fenerbahçe,88,Konyaspor,2632,Super Lig,600,,,,2025-06-01,A,0.12004116,0.41318804,0.46677077,0.46677077,A,0.81040514,H,0.34408529288615164,D,0.5067511809095478,D,0.66748816,5.854,4.854,1.448,24.0,1.7324760768413543,Excellent Value
19172347,2025-06-01 00:00:00,Samsunspor,2811,Kayserispor,643,Super Lig,600,,,,2025-06-01,A,0.07977928,0.37482232,0.5453984,0.5453984,A,0.8233345,A,0.4953923129617497,D,0.4706843541775517,D,0.5976406,4.71,4.034,1.639,24.0,1.5688265305757523,Excellent Value
19172348,2025-06-01 00:00:00,Adana Demirspor,1039,Gaziantep F.K.,4192,Super Lig,600,,,,2025-06-01,A,0.17964137,0.1782024,0.64215624,0.64215624,A,0.8253764,A,0.4696765798944486,H,0.4357009975333905,A,0.83479565,1.411,5.084,6.042,24.0,0.08539313340187071,Good Value
19172349,2025-06-01 00:00:00,Antalyaspor,81,Trabzonspor,688,Super Lig,600,,,,2025-06-01,A,0.1131265,0.16917992,0.7176936,0.7176936,A,0.92384434,A,0.4184277506783314,A,0.631385445952203,A,0.8926676,2.305,3.552,2.835,24.0,0.6542838099598887,Excellent Value
19172350,2025-06-01 00:00:00,Kasımpaşa,1071,Göztepe,3897,Super Lig,600,,,,2025-06-01,H,0.33776602,0.33464563,0.32758832,0.33776602,A,0.57045203,A,0.434826547196523,D,0.44327169352439133,D,0.5373159,3.831,4.139,1.764,24.0,0.38509825813770293,Excellent Value
19172351,2025-06-01 00:00:00,Alanyaspor,347,Sivasspor,365,Super Lig,600,,,,2025-06-01,D,0.16663244,0.5461304,0.2872371,0.5461304,A,0.4837661,D,0.3766376014193841,D,0.6583568090836039,D,0.8239649,4.192,3.931,1.734,24.0,1.1468386762142182,Excellent Value
19347775,2025-06-01 12:00:00,Brommapojkarna,3285,IFK Göteborg,532,Allsvenskan,573,,,,2025-06-01,A,0.32001823,0.08384333,0.5961384,0.5961384,A,0.5087613,A,0.3994406592169556,A,0.5238728959649996,A,0.95681554,2.57,3.507,2.557,21.0,0.5320757335424422,Excellent Value
19347777,2025-06-01 12:00:00,Malmö FF,354,Häcken,2535,Allsvenskan,573,,,,2025-06-01,A,0.17684405,0.34383726,0.47931868,0.47931868,A,0.55076903,H,0.3860853342439688,A,0.5937470443914458,D,0.48474202,5.423,4.402,1.522,36.0,1.5993451928496363,Excellent Value
19347781,2025-06-01 12:00:00,Halmstad,720,Djurgården,443,Allsvenskan,573,,,,2025-06-01,A,0.1082701,0.12569226,0.7660376,0.7660376,A,0.9109244,A,0.4240119062809821,A,0.7463540111875956,A,0.9798909,1.833,3.621,4.084,21.0,0.40414689028263084,Excellent Value
19354619,2025-06-01 12:30:00,Fredrikstad,1743,Sarpsborg 08,2601,Eliteserien,444,,,,2025-06-01,A,0.0743125,0.11836163,0.80732584,0.80732584,A,0.9655455,A,0.4403316800795859,A,0.8339279586137783,A,0.9857546,3.372,3.655,2.023,18.0,1.7223027324676514,Excellent Value
19347778,2025-06-01 14:30:00,Mjällby,411,Värnamo,6607,Allsvenskan,573,,,,2025-06-01,A,0.27841586,0.081677824,0.6399063,0.6399063,A,0.7371483,A,0.4307926128223326,H,0.47851190781244113,A,0.91255164,6.157,4.322,1.482,36.0,2.9399030102491377,Excellent Value
19347780,2025-06-01 14:30:00,Sirius,2678,AIK,2825,Allsvenskan,573,,,,2025-06-01,A,0.13056138,0.1127519,0.7566867,0.7566867,A,0.8745227,A,0.41257569096777463,A,0.7812952185487356,A,0.9558194,2.428,3.245,2.867,36.0,0.8372352771759033,Excellent Value
19354620,2025-06-01 15:00:00,Brann,2474,Kristiansund,869,Eliteserien,444,,,,2025-06-01,A,0.30237538,0.14071584,0.55690885,0.55690885,H,0.52079433,H,0.36739497945425753,A,0.7730405837718302,A,0.70835555,9.425,5.565,1.287,18.0,4.248865872621536,Excellent Value
19354621,2025-06-01 15:00:00,Bryne,8775,Sandefjord,617,Eliteserien,444,,,,2025-06-01,A,0.06334411,0.19518,0.7414759,0.7414759,A,0.75321317,A,0.5223180227644119,A,0.8449473652132238,A,0.8449658,2.619,3.322,2.581,36.0,0.941925330102444,Excellent Value
19354622,2025-06-01 15:00:00,Haugesund,270,Bodø / Glimt,1668,Eliteserien,444,,,,2025-06-01,A,0.30126983,0.258511,0.44021916,0.44021916,A,0.6463134,A,0.3737736186872312,D,0.4324966328591143,A,0.45028117,1.248,5.973,10.675,18.0,2.216055427491665,Excellent Value
19354623,2025-06-01 15:00:00,Rosenborg,1335,KFUM,11914,Eliteserien,444,,,,2025-06-01,A,0.25149304,0.08734628,0.6611607,0.6611607,A,0.8848075,A,0.42424006544122883,H,0.5700095396591653,A,0.91639704,8.21,4.908,1.358,15.0,4.428129408359528,Excellent Value
19354624,2025-06-01 17:15:00,Molde,290,Viking,321,Eliteserien,444,,,,2025-06-01,A,0.11938727,0.11700297,0.76360977,0.76360977,A,0.9317214,A,0.5211513739657233,A,0.7739956187025496,A,0.8231403,2.953,3.857,2.15,18.0,1.2549396418333054,Excellent Value
19354625,2025-06-22 15:00:00,Bodø / Glimt,1668,Brann,2474,Eliteserien,444,,,,2025-06-22,A,0.11301628,0.4195264,0.4674573,0.4674573,A,0.70388204,A,0.43568737279602143,D,0.7572946002164225,A,0.5063402,,,,,0.0,No Value
19354626,2025-06-22 15:00:00,HamKam,8661,Tromsø,7242,Eliteserien,444,,,,2025-06-22,A,0.10108224,0.12459663,0.7743212,0.7743212,A,0.9294904,A,0.5495806788346166,A,0.6454832285171858,A,0.9700081,,,,,0.0,No Value
19354627,2025-06-22 15:00:00,KFUM,11914,Strømsgodset,313,Eliteserien,444,,,,2025-06-22,A,0.099137254,0.14708294,0.7537798,0.7537798,A,0.9591547,A,0.522631059840217,A,0.59903073785206,A,0.93026173,,,,,0.0,No Value
19354628,2025-06-22 15:00:00,Kristiansund,869,Rosenborg,1335,Eliteserien,444,,,,2025-06-22,D,0.15744117,0.4864366,0.35612223,0.4864366,A,0.5374481,A,0.44373422843268256,D,0.833051575710772,D,0.5188073,,,,,0.0,No Value
19354629,2025-06-22 15:00:00,Sandefjord,617,Haugesund,270,Eliteserien,444,,,,2025-06-22,A,0.08620837,0.36363903,0.55015266,0.55015266,A,0.676791,A,0.44191081356513573,A,0.5126286695933028,A,0.566072,,,,,0.0,No Value
19354630,2025-06-22 15:00:00,Sarpsborg 08,2601,Bryne,8775,Eliteserien,444,,,,2025-06-22,A,0.18619122,0.084968075,0.72884077,0.72884077,A,0.87235606,A,0.38798156358683483,A,0.670234127142096,A,0.982244,,,,,0.0,No Value
19354631,2025-06-22 15:00:00,Viking,321,Fredrikstad,1743,Eliteserien,444,,,,2025-06-22,A,0.12188788,0.11246035,0.76565176,0.76565176,A,0.93604827,A,0.5292687379548372,A,0.6135397546785634,A,0.9808212,,,,,0.0,No Value
19354632,2025-06-22 15:00:00,Vålerenga,502,Molde,290,Eliteserien,444,,,,2025-06-22,H,0.44613528,0.20710509,0.34675965,0.44613528,A,0.4554169,A,0.4018644301469521,H,0.4600862627399685,H,0.60454446,,,,,0.0,No Value
19347783,2025-06-28 22:00:00,AIK,2825,IFK Göteborg,532,Allsvenskan,573,,,,2025-06-28,A,0.14949319,0.34460828,0.50589854,0.50589854,A,0.70220757,D,0.3681238101926225,A,0.5024655135552306,A,0.4901642,,,,,0.0,No Value
19347784,2025-06-28 22:00:00,Djurgården,443,Norrköping,3603,Allsvenskan,573,,,,2025-06-28,A,0.15290333,0.38770118,0.45939547,0.45939547,A,0.6498955,H,0.35975393335080236,A,0.586367776089222,D,0.72248036,,,,,0.0,No Value
19347785,2025-06-28 22:00:00,Hammarby,2353,Halmstad,720,Allsvenskan,573,,,,2025-06-28,A,0.39002633,0.06710887,0.54286474,0.54286474,H,0.50909597,H,0.4049055583986332,H,0.6171925653655297,A,0.97715676,,,,,0.0,No Value
19347786,2025-06-28 22:00:00,Häcken,2535,GAIS,1777,Allsvenskan,573,,,,2025-06-28,D,0.12997648,0.50531286,0.36471063,0.50531286,A,0.6776395,A,0.4769349308773318,D,0.6556045056272183,D,0.9319635,,,,,0.0,No Value
19347787,2025-06-28 22:00:00,Öster,2876,Sirius,2678,Allsvenskan,573,,,,2025-06-28,A,0.11560583,0.39390355,0.49049062,0.49049062,A,0.550108,A,0.5217208992549993,A,0.48318693399289114,D,0.48307312,,,,,0.0,No Value
19347788,2025-06-28 22:00:00,Mjällby,411,Malmö FF,354,Allsvenskan,573,,,,2025-06-28,A,0.20209707,0.34349662,0.45440626,0.45440626,A,0.50453573,A,0.3638164939002348,D,0.50713358656233,A,0.5603498,,,,,0.0,No Value
19347789,2025-06-28 22:00:00,Degerfors,2753,Brommapojkarna,3285,Allsvenskan,573,,,,2025-06-28,D,0.3813021,0.41167238,0.20702556,0.41167238,H,0.46978286,H,0.4303923108399985,D,0.5788251621307636,D,0.44731954,,,,,0.0,No Value
19347790,2025-06-28 22:00:00,Värnamo,6607,Elfsborg,1226,Allsvenskan,573,,,,2025-06-28,A,0.10918079,0.092459105,0.79836017,0.79836017,A,0.96544594,A,0.5732212640874883,A,0.665582507266132,A,0.98612905,,,,,0.0,No Value
19354633,2025-06-29 15:00:00,Bodø / Glimt,1668,Sarpsborg 08,2601,Eliteserien,444,,,,2025-06-29,D,0.082460344,0.48768327,0.4298564,0.48768327,A,0.54245216,A,0.5353444418827182,A,0.5447923624679856,D,0.90203434,,,,,0.0,No Value
19354634,2025-06-29 15:00:00,Brann,2474,Sandefjord,617,Eliteserien,444,,,,2025-06-29,A,0.14411673,0.081713475,0.7741698,0.7741698,A,0.9431745,A,0.5038953237505014,A,0.6901454527504703,A,0.9560532,,,,,0.0,No Value
19354635,2025-06-29 15:00:00,Bryne,8775,HamKam,8661,Eliteserien,444,,,,2025-06-29,A,0.20102152,0.07416337,0.72481513,0.72481513,A,0.79761016,A,0.41317653031915885,A,0.7507624263743093,A,0.9364624,,,,,0.0,No Value
19354636,2025-06-29 15:00:00,Fredrikstad,1743,Tromsø,7242,Eliteserien,444,,,,2025-06-29,A,0.10441463,0.4227791,0.47280627,0.47280627,A,0.7340661,A,0.4574335748536266,D,0.5583618751181432,D,0.57895106,,,,,0.0,No Value
19354637,2025-06-29 15:00:00,Haugesund,270,Kristiansund,869,Eliteserien,444,,,,2025-06-29,A,0.12171119,0.24081534,0.63747346,0.63747346,A,0.6949376,A,0.3979643644559807,A,0.6622316282561043,A,0.79370475,,,,,0.0,No Value
19354638,2025-06-29 15:00:00,Molde,290,KFUM,11914,Eliteserien,444,,,,2025-06-29,A,0.23436874,0.14941356,0.6162177,0.6162177,A,0.82649225,A,0.36666839479150803,A,0.47005303344332694,A,0.7974537,,,,,0.0,No Value
19354639,2025-06-29 15:00:00,Rosenborg,1335,Viking,321,Eliteserien,444,,,,2025-06-29,A,0.30383772,0.13109103,0.5650712,0.5650712,A,0.5885906,A,0.4003217932367246,A,0.6619031523659643,A,0.60846794,,,,,0.0,No Value
19354640,2025-06-29 15:00:00,Strømsgodset,313,Vålerenga,502,Eliteserien,444,,,,2025-06-29,A,0.24821684,0.3131496,0.43863353,0.43863353,A,0.68054456,A,0.3760705046878065,H,0.3649349625064465,D,0.42266113,,,,,0.0,No Value
19347791,2025-07-05 22:00:00,Djurgården,443,Degerfors,2753,Allsvenskan,573,,,,2025-07-05,D,0.22539057,0.53609705,0.23851241,0.53609705,A,0.4325604,D,0.38724007750431905,D,0.7040214903048997,D,0.88478696,,,,,0.0,No Value
19347792,2025-07-05 22:00:00,Hammarby,2353,Värnamo,6607,Allsvenskan,573,,,,2025-07-05,A,0.11552741,0.124026805,0.7604458,0.7604458,A,0.9612215,A,0.5636040155691042,A,0.5839370716264746,A,0.9291943,,,,,0.0,No Value
19347793,2025-07-05 22:00:00,Elfsborg,1226,Häcken,2535,Allsvenskan,573,,,,2025-07-05,D,0.2836374,0.55384517,0.1625174,0.55384517,D,0.4167878,H,0.4810139863610991,D,0.6003192335701705,D,0.9101135,,,,,0.0,No Value
19347794,2025-07-05 22:00:00,GAIS,1777,Malmö FF,354,Allsvenskan,573,,,,2025-07-05,A,0.14943726,0.13605233,0.71451044,0.71451044,A,0.81278205,A,0.36647654854834266,A,0.7085360360519657,A,0.96865505,,,,,0.0,No Value
19347795,2025-07-05 22:00:00,IFK Göteborg,532,Sirius,2678,Allsvenskan,573,,,,2025-07-05,A,0.20717525,0.23257947,0.5602453,0.5602453,A,0.7422379,A,0.3762531968560298,D,0.4276050190498412,A,0.78538,,,,,0.0,No Value
19347796,2025-07-05 22:00:00,Öster,2876,Mjällby,411,Allsvenskan,573,,,,2025-07-05,A,0.24275069,0.086719565,0.6705298,0.6705298,A,0.7524821,H,0.41352664406569295,A,0.6152555942294596,A,0.9486112,,,,,0.0,No Value
19347797,2025-07-05 22:00:00,Norrköping,3603,Brommapojkarna,3285,Allsvenskan,573,,,,2025-07-05,A,0.23559558,0.07079752,0.6936069,0.6936069,A,0.86136544,A,0.4356356340827705,A,0.4883822770659056,A,0.9868143,,,,,0.0,No Value
19347798,2025-07-05 22:00:00,Halmstad,720,AIK,2825,Allsvenskan,573,,,,2025-07-05,D,0.28589126,0.50277364,0.21133511,0.50277364,H,0.3631265,D,0.3725326122763894,D,0.663588782502244,D,0.6934165,,,,,0.0,No Value
19354641,2025-07-06 15:00:00,HamKam,8661,Brann,2474,Eliteserien,444,,,,2025-07-06,A,0.234499,0.25753736,0.50796366,0.50796366,A,0.7155582,A,0.4564298532897931,D,0.3766473173632072,A,0.59119433,,,,,0.0,No Value
19354642,2025-07-06 15:00:00,KFUM,11914,Bryne,8775,Eliteserien,444,,,,2025-07-06,A,0.18921804,0.21198961,0.5987923,0.5987923,A,0.74754584,A,0.40898689177200265,A,0.5066254977333254,A,0.7289835,,,,,0.0,No Value
19354643,2025-07-06 15:00:00,Kristiansund,869,Bodø / Glimt,1668,Eliteserien,444,,,,2025-07-06,A,0.13493605,0.33961815,0.5254458,0.5254458,A,0.80102354,A,0.46436509094970896,A,0.5143603734842727,D,0.65089834,,,,,0.0,No Value
19354644,2025-07-06 15:00:00,Sandefjord,617,Rosenborg,1335,Eliteserien,444,,,,2025-07-06,A,0.12469649,0.42177808,0.45352542,0.45352542,A,0.7832623,A,0.48351355433478516,A,0.4691168286267019,D,0.902919,,,,,0.0,No Value
19354645,2025-07-06 15:00:00,Sarpsborg 08,2601,Haugesund,270,Eliteserien,444,,,,2025-07-06,A,0.17604962,0.10989398,0.7140564,0.7140564,A,0.8515666,A,0.5102051842250237,A,0.5547337313954686,A,0.9377723,,,,,0.0,No Value
19354646,2025-07-06 15:00:00,Tromsø,7242,Molde,290,Eliteserien,444,,,,2025-07-06,A,0.053479392,0.21168232,0.73483825,0.73483825,A,0.95165884,A,0.5066278597614983,A,0.5575728661711278,A,0.9192968,,,,,0.0,No Value
19354647,2025-07-06 15:00:00,Viking,321,Strømsgodset,313,Eliteserien,444,,,,2025-07-06,A,0.17923781,0.066787995,0.7539742,0.7539742,A,0.91886246,A,0.4253024865670999,A,0.6781867898684545,A,0.9904334,,,,,0.0,No Value
19354648,2025-07-06 15:00:00,Vålerenga,502,Fredrikstad,1743,Eliteserien,444,,,,2025-07-06,A,0.21666683,0.07276072,0.7105725,0.7105725,A,0.8838708,A,0.42234103780699467,A,0.6187157014551563,A,0.9139684,,,,,0.0,No Value
19347799,2025-07-12 22:00:00,AIK,2825,Degerfors,2753,Allsvenskan,573,,,,2025-07-12,A,0.16720724,0.120308116,0.71248466,0.71248466,A,0.83726144,A,0.4032655097917775,A,0.663725309775227,A,0.943505,,,,,0.0,No Value
19347800,2025-07-12 22:00:00,Brommapojkarna,3285,Öster,2876,Allsvenskan,573,,,,2025-07-12,A,0.3422775,0.07120967,0.58651286,0.58651286,A,0.8126727,A,0.42629365236934336,H,0.7299880078506195,A,0.85519725,,,,,0.0,No Value
19347801,2025-07-12 22:00:00,GAIS,1777,Hammarby,2353,Allsvenskan,573,,,,2025-07-12,D,0.11091755,0.51623076,0.37285173,0.51623076,A,0.7036639,A,0.46376839526124763,D,0.5558195232263193,D,0.8950844,,,,,0.0,No Value
19347802,2025-07-12 22:00:00,IFK Göteborg,532,Elfsborg,1226,Allsvenskan,573,,,,2025-07-12,A,0.24237068,0.0801267,0.67750263,0.67750263,A,0.6598504,H,0.4011531919261969,A,0.7464288736811646,A,0.9921024,,,,,0.0,No Value
19347803,2025-07-12 22:00:00,Häcken,2535,Halmstad,720,Allsvenskan,573,,,,2025-07-12,A,0.18269402,0.099933505,0.7173725,0.7173725,A,0.9066305,A,0.36623332068459485,A,0.6217967354394618,A,0.97123116,,,,,0.0,No Value
19347804,2025-07-12 22:00:00,Malmö FF,354,Norrköping,3603,Allsvenskan,573,,,,2025-07-12,A,0.11835636,0.09024459,0.791399,0.791399,A,0.9197923,A,0.5006223067085559,A,0.7566027019641834,A,0.986066,,,,,0.0,No Value
19347805,2025-07-12 22:00:00,Sirius,2678,Mjällby,411,Allsvenskan,573,,,,2025-07-12,A,0.16066599,0.16180405,0.67752993,0.67752993,A,0.85945076,A,0.4438800397116894,A,0.6132149474250037,A,0.7894012,,,,,0.0,No Value
19347806,2025-07-12 22:00:00,Värnamo,6607,Djurgården,443,Allsvenskan,573,,,,2025-07-12,A,0.36767203,0.16445874,0.46786922,0.46786922,H,0.4807287,H,0.3795535076693363,H,0.45898125789199556,A,0.808218,,,,,0.0,No Value
19354649,2025-07-13 15:00:00,Bodø / Glimt,1668,Sandefjord,617,Eliteserien,444,,,,2025-07-13,A,0.25023255,0.30186215,0.44790527,0.44790527,A,0.7098875,A,0.38790902891998946,D,0.47900984929713647,A,0.41618627,,,,,0.0,No Value
19354650,2025-07-13 15:00:00,Brann,2474,Viking,321,Eliteserien,444,,,,2025-07-13,D,0.21766639,0.4591924,0.32314122,0.4591924,A,0.5650545,A,0.4135411057668682,D,0.46849526422200777,D,0.8693654,,,,,0.0,No Value
19354651,2025-07-13 15:00:00,Bryne,8775,Vålerenga,502,Eliteserien,444,,,,2025-07-13,A,0.1454528,0.06990466,0.7846426,0.7846426,A,0.9742426,A,0.5855906483715357,A,0.5821096552675954,A,0.9934231,,,,,0.0,No Value
19354652,2025-07-13 15:00:00,Fredrikstad,1743,Molde,290,Eliteserien,444,,,,2025-07-13,A,0.13904862,0.3794125,0.4815389,0.4815389,A,0.84146094,A,0.43782030558709717,D,0.4851617613793805,D,0.69358,,,,,0.0,No Value
19354653,2025-07-13 15:00:00,Haugesund,270,KFUM,11914,Eliteserien,444,,,,2025-07-13,A,0.2363735,0.09394271,0.6696838,0.6696838,A,0.7385423,A,0.38897633776309576,A,0.5910647457803656,A,0.95992637,,,,,0.0,No Value
19354654,2025-07-13 15:00:00,Kristiansund,869,Sarpsborg 08,2601,Eliteserien,444,,,,2025-07-13,A,0.3462046,0.07372626,0.5800691,0.5800691,H,0.5240796,H,0.4054946457442851,A,0.5834341141950402,A,0.96662676,,,,,0.0,No Value
19354655,2025-07-13 15:00:00,Rosenborg,1335,HamKam,8661,Eliteserien,444,,,,2025-07-13,D,0.36000347,0.43262723,0.20736933,0.43262723,H,0.4309565,H,0.4134038785612279,D,0.6063433636939893,D,0.46945572,,,,,0.0,No Value
19354656,2025-07-13 15:00:00,Strømsgodset,313,Tromsø,7242,Eliteserien,444,,,,2025-07-13,A,0.30342716,0.12495731,0.5716156,0.5716156,A,0.6107192,A,0.4204559807737863,A,0.48173381628767864,A,0.7738354,,,,,0.0,No Value
19354585,2025-07-16 17:00:00,Fredrikstad,1743,Bodø / Glimt,1668,Eliteserien,444,,,,2025-07-16,A,0.15608634,0.3943884,0.44952524,0.44952524,A,0.7040391,A,0.4902815798110082,D,0.4919251494483324,D,0.662731,,,,,0.0,No Value
19347807,2025-07-19 22:00:00,Djurgården,443,Elfsborg,1226,Allsvenskan,573,,,,2025-07-19,D,0.096319616,0.60129726,0.30238312,0.60129726,A,0.508191,D,0.38370546764672986,D,0.7350701526654649,D,0.88951993,,,,,0.0,No Value
19347808,2025-07-19 22:00:00,Hammarby,2353,Brommapojkarna,3285,Allsvenskan,573,,,,2025-07-19,A,0.15683626,0.12107366,0.72209007,0.72209007,A,0.90164757,A,0.4696064679820996,A,0.601568624490931,A,0.91207397,,,,,0.0,No Value
19347809,2025-07-19 22:00:00,Öster,2876,Malmö FF,354,Allsvenskan,573,,,,2025-07-19,A,0.07885562,0.08360651,0.8375379,0.8375379,A,0.96738404,A,0.5935603565608477,A,0.8531829136638701,A,0.93276876,,,,,0.0,No Value
19347810,2025-07-19 22:00:00,Mjällby,411,AIK,2825,Allsvenskan,573,,,,2025-07-19,A,0.26713672,0.17773725,0.555126,0.555126,A,0.7587581,A,0.40647767452881456,H,0.4569561513841417,A,0.6686092,,,,,0.0,No Value
19347811,2025-07-19 22:00:00,Norrköping,3603,Värnamo,6607,Allsvenskan,573,,,,2025-07-19,A,0.43672103,0.08701798,0.47626096,0.47626096,A,0.64882755,A,0.3916429543911973,H,0.7983284362223727,A,0.6904071,,,,,0.0,No Value
19347812,2025-07-19 22:00:00,Sirius,2678,IFK Göteborg,532,Allsvenskan,573,,,,2025-07-19,A,0.112431705,0.0919674,0.7956009,0.7956009,A,0.94150996,A,0.5076019944270844,A,0.753463402266536,A,0.9768172,,,,,0.0,No Value
19347813,2025-07-19 22:00:00,Halmstad,720,Häcken,2535,Allsvenskan,573,,,,2025-07-19,D,0.20467235,0.40874553,0.3865821,0.40874553,A,0.58793306,H,0.3626496851613003,A,0.542394136048907,D,0.8506903,,,,,0.0,No Value
19347814,2025-07-19 22:00:00,Degerfors,2753,GAIS,1777,Allsvenskan,573,,,,2025-07-19,A,0.11417352,0.091001354,0.79482514,0.79482514,A,0.95554215,A,0.4590255547047615,A,0.8126088389881272,A,0.94825435,,,,,0.0,No Value
19354657,2025-07-20 15:00:00,HamKam,8661,Fredrikstad,1743,Eliteserien,444,,,,2025-07-20,A,0.23168491,0.08396211,0.68435293,0.68435293,A,0.89681965,A,0.3887522193109873,H,0.4958518274446001,A,0.9674739,,,,,0.0,No Value
19354658,2025-07-20 15:00:00,KFUM,11914,Brann,2474,Eliteserien,444,,,,2025-07-20,A,0.047063056,0.12121652,0.8317205,0.8317205,A,0.91995674,A,0.5085092850289196,A,0.9141054472752647,A,0.9820625,,,,,0.0,No Value
19354659,2025-07-20 15:00:00,Molde,290,Strømsgodset,313,Eliteserien,444,,,,2025-07-20,A,0.05790242,0.44739366,0.49470392,0.49470392,A,0.8060558,A,0.5402542939645635,A,0.48276861913368807,D,0.85739183,,,,,0.0,No Value
19354660,2025-07-20 15:00:00,Sandefjord,617,Kristiansund,869,Eliteserien,444,,,,2025-07-20,A,0.115505844,0.40617913,0.4783151,0.4783151,A,0.8467531,A,0.4461177612271435,A,0.5672460628328096,D,0.9511213,,,,,0.0,No Value
19354661,2025-07-20 15:00:00,Sarpsborg 08,2601,Rosenborg,1335,Eliteserien,444,,,,2025-07-20,A,0.059469763,0.17445764,0.76607263,0.76607263,A,0.9104022,A,0.5016087293803585,A,0.7150140789312981,A,0.9342923,,,,,0.0,No Value
19354662,2025-07-20 15:00:00,Tromsø,7242,Bryne,8775,Eliteserien,444,,,,2025-07-20,A,0.062488254,0.44017756,0.49733418,0.49733418,A,0.7069734,A,0.4757620115760406,D,0.5847180262772537,D,0.50735134,,,,,0.0,No Value
19354663,2025-07-20 15:00:00,Viking,321,Bodø / Glimt,1668,Eliteserien,444,,,,2025-07-20,A,0.10997078,0.4159606,0.4740686,0.4740686,A,0.8319049,A,0.4733900620640466,A,0.48676285333984776,D,0.8837835,,,,,0.0,No Value
19354664,2025-07-20 15:00:00,Vålerenga,502,Haugesund,270,Eliteserien,444,,,,2025-07-20,A,0.20259722,0.18187456,0.6155282,0.6155282,A,0.8555526,A,0.36285111208772675,A,0.515208893199123,A,0.7229099,,,,,0.0,No Value
19347815,2025-07-26 22:00:00,AIK,2825,Öster,2876,Allsvenskan,573,,,,2025-07-26,A,0.13622846,0.35397953,0.50979203,0.50979203,A,0.64191777,H,0.3461592607051824,A,0.5720664135184036,A,0.48722628,,,,,0.0,No Value
19347816,2025-07-26 22:00:00,Brommapojkarna,3285,Malmö FF,354,Allsvenskan,573,,,,2025-07-26,A,0.22219828,0.058870316,0.7189314,0.7189314,A,0.9044533,A,0.47919478613834504,A,0.5185898487576892,A,0.97056544,,,,,0.0,No Value
19347817,2025-07-26 22:00:00,Elfsborg,1226,IFK Göteborg,532,Allsvenskan,573,,,,2025-07-26,A,0.18011978,0.2941587,0.52572143,0.52572143,A,0.6913398,A,0.4209179841799165,D,0.4732619721836228,A,0.6153824,,,,,0.0,No Value
19347818,2025-07-26 22:00:00,GAIS,1777,Halmstad,720,Allsvenskan,573,,,,2025-07-26,A,0.29797512,0.34315664,0.3588682,0.3588682,A,0.41967478,H,0.37051037333329623,D,0.5156906139369475,D,0.35902894,,,,,0.0,No Value
19347819,2025-07-26 22:00:00,Häcken,2535,Djurgården,443,Allsvenskan,573,,,,2025-07-26,A,0.3745237,0.08077648,0.5446998,0.5446998,H,0.51134574,H,0.39343093925217604,A,0.6026515606521485,A,0.79749787,,,,,0.0,No Value
19347820,2025-07-26 22:00:00,Mjällby,411,Sirius,2678,Allsvenskan,573,,,,2025-07-26,A,0.20842956,0.080042556,0.71152794,0.71152794,A,0.8189185,H,0.37838029456859124,A,0.6992982276424327,A,0.9675895,,,,,0.0,No Value
19347821,2025-07-26 22:00:00,Degerfors,2753,Norrköping,3603,Allsvenskan,573,,,,2025-07-26,A,0.25753027,0.30714363,0.4353261,0.4353261,A,0.6917828,D,0.4055323071679238,H,0.36025986346409977,D,0.36725563,,,,,0.0,No Value
19347822,2025-07-26 22:00:00,Värnamo,6607,Hammarby,2353,Allsvenskan,573,,,,2025-07-26,A,0.1273034,0.11070661,0.76199,0.76199,A,0.8910394,A,0.4379563141711672,A,0.7555598696440744,A,0.9607331,,,,,0.0,No Value
19354666,2025-07-27 15:00:00,Bodø / Glimt,1668,Vålerenga,502,Eliteserien,444,,,,2025-07-27,A,0.20872328,0.047333904,0.7439428,0.7439428,A,0.9122011,A,0.46545179461130065,A,0.6066651561031827,A,0.9886257,,,,,0.0,No Value
19354667,2025-07-27 15:00:00,Bryne,8775,Viking,321,Eliteserien,444,,,,2025-07-27,A,0.13273428,0.42500073,0.44226497,0.44226497,A,0.8322018,A,0.4052310331052398,D,0.5163441690211583,D,0.8608096,,,,,0.0,No Value
19354668,2025-07-27 15:00:00,Fredrikstad,1743,Strømsgodset,313,Eliteserien,444,,,,2025-07-27,A,0.20638362,0.24875802,0.5448584,0.5448584,A,0.6131199,A,0.35184111458206707,A,0.5397132476607361,A,0.67345554,,,,,0.0,No Value
19354669,2025-07-27 15:00:00,Haugesund,270,HamKam,8661,Eliteserien,444,,,,2025-07-27,D,0.26271322,0.3973471,0.33993968,0.3973471,A,0.45622578,H,0.34893758367098915,A,0.39131231562770663,D,0.6855182,,,,,0.0,No Value
19354670,2025-07-27 15:00:00,Kristiansund,869,KFUM,11914,Eliteserien,444,,,,2025-07-27,D,0.12694944,0.4906252,0.38242534,0.4906252,A,0.6441174,D,0.38609473629287333,A,0.47077606236706504,D,0.95226425,,,,,0.0,No Value
19354671,2025-07-27 15:00:00,Rosenborg,1335,Tromsø,7242,Eliteserien,444,,,,2025-07-27,A,0.1993248,0.21274771,0.58792746,0.58792746,A,0.7426978,A,0.37346066984298704,A,0.45373335051785624,A,0.77911764,,,,,0.0,No Value
19354672,2025-07-27 15:00:00,Sandefjord,617,Sarpsborg 08,2601,Eliteserien,444,,,,2025-07-27,A,0.14104608,0.16077092,0.69818306,0.69818306,A,0.88343126,A,0.5047299260468278,A,0.577090599346505,A,0.82358915,,,,,0.0,No Value
19354593,2025-07-30 17:00:00,Bodø / Glimt,1668,Strømsgodset,313,Eliteserien,444,,,,2025-07-30,A,0.14799336,0.10772506,0.7442816,0.7442816,A,0.8093401,A,0.4426131040876962,A,0.8272229828832769,A,0.89634424,,,,,0.0,No Value
19347823,2025-08-02 22:00:00,Djurgården,443,Halmstad,720,Allsvenskan,573,,,,2025-08-02,D,0.23833564,0.41469848,0.34696588,0.41469848,A,0.5589121,H,0.3656607783511564,D,0.5592634006470049,D,0.59723,,,,,0.0,No Value
19347825,2025-08-02 22:00:00,Brommapojkarna,3285,Norrköping,3603,Allsvenskan,573,,,,2025-08-02,D,0.26155996,0.54624707,0.19219297,0.54624707,D,0.40109998,H,0.3890054439806657,D,0.510922155137762,D,0.93561715,,,,,0.0,No Value
19347826,2025-08-02 22:00:00,IFK Göteborg,532,Degerfors,2753,Allsvenskan,573,,,,2025-08-02,A,0.15690267,0.36995542,0.47314185,0.47314185,A,0.767514,A,0.34890857854862944,A,0.5382703229766606,D,0.76140064,,,,,0.0,No Value
19347827,2025-08-02 22:00:00,Häcken,2535,Elfsborg,1226,Allsvenskan,573,,,,2025-08-02,A,0.029906204,0.26972413,0.70036966,0.70036966,A,0.8915928,A,0.5284030182662312,A,0.5145567544277375,A,0.86339,,,,,0.0,No Value
19347829,2025-08-02 22:00:00,Sirius,2678,Öster,2876,Allsvenskan,573,,,,2025-08-02,A,0.24096316,0.04991485,0.709122,0.709122,A,0.8644084,A,0.4180622881741722,A,0.6263899989418482,A,0.92472994,,,,,0.0,No Value
19347830,2025-08-02 22:00:00,Värnamo,6607,GAIS,1777,Allsvenskan,573,,,,2025-08-02,A,0.14190175,0.09293938,0.76515895,0.76515895,A,0.88569355,A,0.5107371145428126,A,0.6857269258358648,A,0.9765004,,,,,0.0,No Value
19354674,2025-08-03 15:00:00,HamKam,8661,Bodø / Glimt,1668,Eliteserien,444,,,,2025-08-03,A,0.17010225,0.14943784,0.68045986,0.68045986,A,0.86321425,A,0.49511757058488626,A,0.5097182649685226,A,0.8504322,,,,,0.0,No Value
19354675,2025-08-03 15:00:00,KFUM,11914,Rosenborg,1335,Eliteserien,444,,,,2025-08-03,A,0.277346,0.06469262,0.65796137,0.65796137,A,0.8530444,H,0.391868058674195,H,0.5699549506423147,A,0.9823089,,,,,0.0,No Value
19354676,2025-08-03 15:00:00,Molde,290,Bryne,8775,Eliteserien,444,,,,2025-08-03,A,0.24724463,0.12755892,0.62519646,0.62519646,A,0.81474745,A,0.4456040915495681,A,0.5029474308470152,A,0.7334107,,,,,0.0,No Value
19354677,2025-08-03 15:00:00,Sarpsborg 08,2601,Brann,2474,Eliteserien,444,,,,2025-08-03,A,0.26442578,0.1120984,0.62347585,0.62347585,A,0.67503405,A,0.38424225480692864,A,0.5388421352087908,A,0.8959936,,,,,0.0,No Value
19354678,2025-08-03 15:00:00,Strømsgodset,313,Haugesund,270,Eliteserien,444,,,,2025-08-03,A,0.2555714,0.109585576,0.63484305,0.63484305,A,0.82407093,A,0.4138845897281882,A,0.476705487028515,A,0.82117504,,,,,0.0,No Value
19354679,2025-08-03 15:00:00,Tromsø,7242,Fredrikstad,1743,Eliteserien,444,,,,2025-08-03,A,0.19806044,0.17288794,0.6290516,0.6290516,A,0.80330575,A,0.39437440492649556,A,0.5291240008173969,A,0.78582907,,,,,0.0,No Value
19354680,2025-08-03 15:00:00,Vålerenga,502,Sandefjord,617,Eliteserien,444,,,,2025-08-03,A,0.16428505,0.078844815,0.7568701,0.7568701,A,0.9340415,A,0.43832059719166017,A,0.6649498917079322,A,0.9867808,,,,,0.0,No Value
19347831,2025-08-09 22:00:00,AIK,2825,Djurgården,443,Allsvenskan,573,,,,2025-08-09,H,0.4090281,0.3449094,0.24606244,0.4090281,H,0.47330746,H,0.4230574161876516,D,0.467070223938612,H,0.53407925,,,,,0.0,No Value
19347832,2025-08-09 22:00:00,Elfsborg,1226,Värnamo,6607,Allsvenskan,573,,,,2025-08-09,A,0.07658705,0.12257938,0.8008336,0.8008336,A,0.8870176,A,0.5294645574003038,A,0.8006859865329288,A,0.9845755,,,,,0.0,No Value
19347833,2025-08-09 22:00:00,GAIS,1777,IFK Göteborg,532,Allsvenskan,573,,,,2025-08-09,A,0.2880944,0.09466145,0.6172441,0.6172441,A,0.69753355,H,0.379066027273098,A,0.5501525768378279,A,0.92891556,,,,,0.0,No Value
19347834,2025-08-09 22:00:00,Öster,2876,Brommapojkarna,3285,Allsvenskan,573,,,,2025-08-09,A,0.17699078,0.10323935,0.7197699,0.7197699,A,0.88425016,A,0.5205053032081526,A,0.5893683128879809,A,0.88184327,,,,,0.0,No Value
19347835,2025-08-09 22:00:00,Malmö FF,354,Mjällby,411,Allsvenskan,573,,,,2025-08-09,A,0.31932187,0.08197848,0.5986997,0.5986997,A,0.79191124,A,0.3947007665939627,H,0.7182383456328824,A,0.93008196,,,,,0.0,No Value
19347836,2025-08-09 22:00:00,Norrköping,3603,Hammarby,2353,Allsvenskan,573,,,,2025-08-09,A,0.17024495,0.07316031,0.7565948,0.7565948,A,0.86278534,A,0.42476517536164327,A,0.7778485702232044,A,0.9587982,,,,,0.0,No Value
19347837,2025-08-09 22:00:00,Halmstad,720,Sirius,2678,Allsvenskan,573,,,,2025-08-09,A,0.16815984,0.101106845,0.7307334,0.7307334,A,0.8959928,A,0.4410031891630958,A,0.6299785463712138,A,0.9529152,,,,,0.0,No Value
19347838,2025-08-09 22:00:00,Degerfors,2753,Häcken,2535,Allsvenskan,573,,,,2025-08-09,A,0.12578377,0.22046809,0.65374815,0.65374815,A,0.7384986,H,0.38049297205210353,A,0.7336396983013926,A,0.80316705,,,,,0.0,No Value
19354684,2025-08-10 15:00:00,Bodø / Glimt,1668,Tromsø,7242,Eliteserien,444,,,,2025-08-10,A,0.19509138,0.08097733,0.7239313,0.7239313,A,0.9214454,A,0.41101270742994805,A,0.5708805848431563,A,0.9889281,,,,,0.0,No Value
19354685,2025-08-10 15:00:00,Bryne,8775,KFUM,11914,Eliteserien,444,,,,2025-08-10,A,0.06792972,0.119788945,0.8122813,0.8122813,A,0.9252216,A,0.4765077979763096,A,0.8571036663536031,A,0.98767996,,,,,0.0,No Value
19354686,2025-08-10 15:00:00,Haugesund,270,Sarpsborg 08,2601,Eliteserien,444,,,,2025-08-10,D,0.2408606,0.55411375,0.2050256,0.55411375,D,0.38636467,H,0.40743137615703834,D,0.5473530204476855,D,0.9037361,,,,,0.0,No Value
19354687,2025-08-10 15:00:00,Molde,290,HamKam,8661,Eliteserien,444,,,,2025-08-10,A,0.15244633,0.2907074,0.55684626,0.55684626,A,0.8696847,A,0.5549856368396691,A,0.39296787112699694,A,0.4013912,,,,,0.0,No Value
19354688,2025-08-10 15:00:00,Sandefjord,617,Viking,321,Eliteserien,444,,,,2025-08-10,A,0.14387196,0.22899027,0.6271378,0.6271378,A,0.82480925,A,0.5105950097056076,D,0.46891901105175343,A,0.75617355,,,,,0.0,No Value
19347839,2025-08-16 22:00:00,Hammarby,2353,GAIS,1777,Allsvenskan,573,,,,2025-08-16,A,0.08716849,0.16585025,0.74698126,0.74698126,A,0.82683533,A,0.5364991373764948,A,0.841405718343464,A,0.7806054,,,,,0.0,No Value
19347840,2025-08-16 22:00:00,Brommapojkarna,3285,Sirius,2678,Allsvenskan,573,,,,2025-08-16,A,0.1021242,0.20005256,0.6978232,0.6978232,A,0.8001307,A,0.4396626345874937,A,0.6676151464015311,A,0.8820194,,,,,0.0,No Value
19347841,2025-08-16 22:00:00,IFK Göteborg,532,AIK,2825,Allsvenskan,573,,,,2025-08-16,D,0.09922867,0.6362616,0.26450974,0.6362616,D,0.53844076,A,0.4123571816271125,D,0.8867458317781455,D,0.7857911,,,,,0.0,No Value
19347842,2025-08-16 22:00:00,Häcken,2535,Öster,2876,Allsvenskan,573,,,,2025-08-16,A,0.17495629,0.08816102,0.7368827,0.7368827,A,0.9021908,A,0.4675806128725742,A,0.6005615803856487,A,0.9744158,,,,,0.0,No Value
19347843,2025-08-16 22:00:00,Mjällby,411,Djurgården,443,Allsvenskan,573,,,,2025-08-16,A,0.20895092,0.08485964,0.7061894,0.7061894,A,0.79199827,A,0.37891799846389235,A,0.6853425128344631,A,0.9673624,,,,,0.0,No Value
19347844,2025-08-16 22:00:00,Norrköping,3603,Elfsborg,1226,Allsvenskan,573,,,,2025-08-16,A,0.17165588,0.11409247,0.7142517,0.7142517,A,0.8938183,A,0.40215672849554374,A,0.579176399818215,A,0.9787887,,,,,0.0,No Value
19347845,2025-08-16 22:00:00,Halmstad,720,Malmö FF,354,Allsvenskan,573,,,,2025-08-16,H,0.38441736,0.27784485,0.3377378,0.38441736,H,0.53284466,H,0.3838447477323734,D,0.42277829811648243,A,0.57783127,,,,,0.0,No Value
19347846,2025-08-16 22:00:00,Värnamo,6607,Degerfors,2753,Allsvenskan,573,,,,2025-08-16,D,0.14541797,0.530925,0.32365707,0.530925,A,0.50073963,D,0.3885146221633474,D,0.6164192283439358,D,0.7411159,,,,,0.0,No Value
19354691,2025-08-17 15:00:00,HamKam,8661,Bryne,8775,Eliteserien,444,,,,2025-08-17,D,0.10165765,0.5379839,0.36035842,0.5379839,A,0.5798253,A,0.4416315148318098,D,0.49794179511254927,D,0.9611297,,,,,0.0,No Value
19354692,2025-08-17 15:00:00,KFUM,11914,Molde,290,Eliteserien,444,,,,2025-08-17,A,0.115185246,0.18417841,0.7006363,0.7006363,A,0.871083,A,0.4196251544713809,A,0.5883620069235079,A,0.92034245,,,,,0.0,No Value
19354693,2025-08-17 15:00:00,Kristiansund,869,Sandefjord,617,Eliteserien,444,,,,2025-08-17,A,0.15421322,0.11087775,0.73490906,0.73490906,A,0.88111824,A,0.4360620233599654,A,0.6870626239394966,A,0.93247503,,,,,0.0,No Value
19354694,2025-08-17 15:00:00,Strømsgodset,313,Bodø / Glimt,1668,Eliteserien,444,,,,2025-08-17,A,0.20068856,0.09565347,0.70365804,0.70365804,A,0.7382087,H,0.3971025031755586,A,0.7976446275948451,A,0.94727623,,,,,0.0,No Value
19354695,2025-08-17 15:00:00,Tromsø,7242,Brann,2474,Eliteserien,444,,,,2025-08-17,D,0.25119188,0.45787197,0.29093617,0.45787197,A,0.51168036,A,0.36900592009501265,D,0.4858280936767322,D,0.93281883,,,,,0.0,No Value
19354696,2025-08-17 15:00:00,Vålerenga,502,Sarpsborg 08,2601,Eliteserien,444,,,,2025-08-17,A,0.17113978,0.17830487,0.6505554,0.6505554,A,0.8712032,A,0.38226638560972365,A,0.4963188890928804,A,0.8480581,,,,,0.0,No Value
19347847,2025-08-23 22:00:00,Djurgården,443,Brommapojkarna,3285,Allsvenskan,573,,,,2025-08-23,A,0.11773822,0.43955088,0.4427109,0.4427109,A,0.71392256,A,0.47020468198043175,D,0.47445900470797137,D,0.752104,,,,,0.0,No Value
19347848,2025-08-23 22:00:00,Elfsborg,1226,Halmstad,720,Allsvenskan,573,,,,2025-08-23,A,0.09816134,0.08223948,0.81959915,0.81959915,A,0.9654726,A,0.5456968905748969,A,0.7667030020270007,A,0.99756014,,,,,0.0,No Value
19347849,2025-08-23 22:00:00,GAIS,1777,Mjällby,411,Allsvenskan,573,,,,2025-08-23,A,0.042383812,0.20236026,0.75525594,0.75525594,A,0.9614254,A,0.52163239278838,A,0.7805956230721721,A,0.7515411,,,,,0.0,No Value
19347850,2025-08-23 22:00:00,Öster,2876,Norrköping,3603,Allsvenskan,573,,,,2025-08-23,A,0.41491818,0.10356646,0.48151535,0.48151535,A,0.48510763,H,0.3943893833548743,H,0.6036072953098441,A,0.77493554,,,,,0.0,No Value
19347851,2025-08-23 22:00:00,Malmö FF,354,IFK Göteborg,532,Allsvenskan,573,,,,2025-08-23,A,0.07067296,0.06378673,0.8655403,0.8655403,A,0.96707535,A,0.6219781992489117,A,0.8724317199275659,A,0.99840796,,,,,0.0,No Value
19347852,2025-08-23 22:00:00,Sirius,2678,Hammarby,2353,Allsvenskan,573,,,,2025-08-23,A,0.16667515,0.33603972,0.49728513,0.49728513,A,0.65327567,A,0.4228959109216859,A,0.4580111057460199,A,0.45068657,,,,,0.0,No Value
19347853,2025-08-23 22:00:00,Degerfors,2753,AIK,2825,Allsvenskan,573,,,,2025-08-23,A,0.16997327,0.09973448,0.73029226,0.73029226,A,0.87763417,A,0.4719872847998056,A,0.5967531862725889,A,0.97251105,,,,,0.0,No Value
19347854,2025-08-23 22:00:00,Värnamo,6607,Häcken,2535,Allsvenskan,573,,,,2025-08-23,D,0.121442765,0.53129,0.3472672,0.53129,A,0.5254527,D,0.38057726390171315,D,0.7495339287995915,D,0.6113069,,,,,0.0,No Value
19354698,2025-08-24 15:00:00,Brann,2474,Fredrikstad,1743,Eliteserien,444,,,,2025-08-24,A,0.26744744,0.1294918,0.6030608,0.6030608,A,0.7255085,A,0.41181024567198854,A,0.5040486890295953,A,0.76876056,,,,,0.0,No Value
19354699,2025-08-24 15:00:00,Bryne,8775,Strømsgodset,313,Eliteserien,444,,,,2025-08-24,D,0.1379204,0.5078057,0.35427395,0.5078057,A,0.6618934,H,0.34054671262960406,D,0.5176848730363635,D,0.9535984,,,,,0.0,No Value
19354700,2025-08-24 15:00:00,Haugesund,270,Vålerenga,502,Eliteserien,444,,,,2025-08-24,A,0.19413094,0.18717648,0.6186925,0.6186925,A,0.8418628,A,0.3733442419385249,A,0.47831482448975793,A,0.77655876,,,,,0.0,No Value
19354701,2025-08-24 15:00:00,KFUM,11914,HamKam,8661,Eliteserien,444,,,,2025-08-24,H,0.5307923,0.095281884,0.3739258,0.5307923,H,0.6481715,H,0.4264833256628091,H,0.5248492973802497,H,0.52042466,,,,,0.0,No Value
19354702,2025-08-24 15:00:00,Molde,290,Tromsø,7242,Eliteserien,444,,,,2025-08-24,A,0.28453523,0.24950847,0.4659563,0.4659563,A,0.641278,D,0.35129209664468725,A,0.48646665135607914,A,0.4293004,,,,,0.0,No Value
19354703,2025-08-24 15:00:00,Rosenborg,1335,Sandefjord,617,Eliteserien,444,,,,2025-08-24,A,0.41066352,0.09952611,0.4898104,0.4898104,A,0.49568254,H,0.3701371505566694,A,0.5842995810975041,A,0.5519571,,,,,0.0,No Value
19354704,2025-08-24 15:00:00,Sarpsborg 08,2601,Kristiansund,869,Eliteserien,444,,,,2025-08-24,A,0.30297995,0.12518644,0.5718336,0.5718336,A,0.80096,A,0.41032162254538546,H,0.6929557276731695,A,0.8170654,,,,,0.0,No Value
19347855,2025-08-30 22:00:00,AIK,2825,Sirius,2678,Allsvenskan,573,,,,2025-08-30,A,0.13701339,0.38762936,0.4753573,0.4753573,A,0.5245585,H,0.37562413296667957,A,0.5348734708183629,A,0.57835513,,,,,0.0,No Value
19347856,2025-08-30 22:00:00,Hammarby,2353,Öster,2876,Allsvenskan,573,,,,2025-08-30,A,0.29772648,0.08415621,0.61811733,0.61811733,A,0.72981477,A,0.404777611815385,H,0.5450086688785709,A,0.899604,,,,,0.0,No Value
19347857,2025-08-30 22:00:00,Brommapojkarna,3285,Elfsborg,1226,Allsvenskan,573,,,,2025-08-30,H,0.7266549,0.079068266,0.19427687,0.7266549,H,0.8110555,H,0.40948766604854075,H,0.9012363040585846,H,0.78178096,,,,,0.0,No Value
19347858,2025-08-30 22:00:00,GAIS,1777,Häcken,2535,Allsvenskan,573,,,,2025-08-30,A,0.33098862,0.06641607,0.6025953,0.6025953,A,0.80187887,H,0.38369087422290293,H,0.6426338726789875,A,0.8825088,,,,,0.0,No Value
19347859,2025-08-30 22:00:00,IFK Göteborg,532,Värnamo,6607,Allsvenskan,573,,,,2025-08-30,H,0.44158113,0.23750648,0.3209124,0.44158113,H,0.5708888,H,0.4105625504619256,H,0.35851721559826244,H,0.49404815,,,,,0.0,No Value
19347860,2025-08-30 22:00:00,Malmö FF,354,Degerfors,2753,Allsvenskan,573,,,,2025-08-30,A,0.07471937,0.2733834,0.6518972,0.6518972,A,0.8801994,A,0.521431542168877,D,0.47930127824361207,A,0.76976776,,,,,0.0,No Value
19347861,2025-08-30 22:00:00,Mjällby,411,Halmstad,720,Allsvenskan,573,,,,2025-08-30,D,0.026888615,0.55230105,0.42081034,0.55230105,A,0.8052893,A,0.5629047045062447,D,0.7443967716833553,D,0.9147079,,,,,0.0,No Value
19347862,2025-08-30 22:00:00,Norrköping,3603,Djurgården,443,Allsvenskan,573,,,,2025-08-30,A,0.12744845,0.14525251,0.7272991,0.7272991,A,0.9327991,A,0.40047981623280665,A,0.6849923291752806,A,0.8861805,,,,,0.0,No Value
19354705,2025-08-31 15:00:00,Fredrikstad,1743,Haugesund,270,Eliteserien,444,,,,2025-08-31,A,0.13735273,0.18897325,0.6736741,0.6736741,A,0.8739701,A,0.43727596130573454,A,0.5841685351440524,A,0.7947825,,,,,0.0,No Value
19354706,2025-08-31 15:00:00,HamKam,8661,Sarpsborg 08,2601,Eliteserien,444,,,,2025-08-31,H,0.43684152,0.17709978,0.3860587,0.43684152,H,0.48021787,H,0.39983224541494766,H,0.5015303341728774,A,0.5779301,,,,,0.0,No Value
19354707,2025-08-31 15:00:00,Kristiansund,869,Brann,2474,Eliteserien,444,,,,2025-08-31,A,0.10056795,0.14484693,0.75458515,0.75458515,A,0.910123,A,0.5646978500335613,A,0.6468894950444479,A,0.8935395,,,,,0.0,No Value
19354708,2025-08-31 15:00:00,Sandefjord,617,Bodø / Glimt,1668,Eliteserien,444,,,,2025-08-31,A,0.18662117,0.07857494,0.7348039,0.7348039,A,0.9513443,A,0.45138652264760065,A,0.558693001758106,A,0.9738278,,,,,0.0,No Value
19354709,2025-08-31 15:00:00,Strømsgodset,313,Molde,290,Eliteserien,444,,,,2025-08-31,A,0.26073036,0.09537988,0.6438898,0.6438898,A,0.5492842,A,0.3745471217483462,A,0.7360152089454143,A,0.91897064,,,,,0.0,No Value
19354710,2025-08-31 15:00:00,Tromsø,7242,KFUM,11914,Eliteserien,444,,,,2025-08-31,A,0.325354,0.06493515,0.6097108,0.6097108,A,0.71515733,A,0.3922280457649629,H,0.6441646036469418,A,0.98090386,,,,,0.0,No Value
19354711,2025-08-31 15:00:00,Viking,321,Rosenborg,1335,Eliteserien,444,,,,2025-08-31,A,0.38472167,0.10001931,0.515259,0.515259,A,0.5219088,H,0.40405369508954087,H,0.5663666067929266,A,0.8342786,,,,,0.0,No Value
19354712,2025-08-31 15:00:00,Vålerenga,502,Bryne,8775,Eliteserien,444,,,,2025-08-31,H,0.47304612,0.056755062,0.4701988,0.47304612,A,0.54769343,A,0.416869035053439,H,0.7912117014583923,A,0.714443,,,,,0.0,No Value
19347863,2025-09-13 22:00:00,AIK,2825,Brommapojkarna,3285,Allsvenskan,573,,,,2025-09-13,A,0.23699409,0.13075641,0.6322495,0.6322495,A,0.7010072,A,0.40569532548395587,A,0.5920494326251554,A,0.8294147,,,,,0.0,No Value
19347864,2025-09-13 22:00:00,Djurgården,443,Hammarby,2353,Allsvenskan,573,,,,2025-09-13,A,0.25328574,0.068437696,0.6782766,0.6782766,A,0.9235299,A,0.41341302693568743,H,0.6082275534333565,A,0.9821245,,,,,0.0,No Value
19347865,2025-09-13 22:00:00,Elfsborg,1226,Malmö FF,354,Allsvenskan,573,,,,2025-09-13,A,0.2885826,0.06309752,0.6483199,0.6483199,A,0.6867823,A,0.4033795101702962,A,0.5247973006144675,A,0.9793542,,,,,0.0,No Value
19347866,2025-09-13 22:00:00,Häcken,2535,IFK Göteborg,532,Allsvenskan,573,,,,2025-09-13,A,0.14849088,0.1651972,0.6863119,0.6863119,A,0.71893406,A,0.35674863796985634,A,0.8896825375302684,A,0.7782441,,,,,0.0,No Value
19347867,2025-09-13 22:00:00,Öster,2876,Värnamo,6607,Allsvenskan,573,,,,2025-09-13,A,0.20461273,0.099241786,0.69614553,0.69614553,A,0.8624313,A,0.3424529108577513,A,0.591424155787845,A,0.98550904,,,,,0.0,No Value
19347868,2025-09-13 22:00:00,Sirius,2678,GAIS,1777,Allsvenskan,573,,,,2025-09-13,A,0.22054659,0.14689124,0.63256216,0.63256216,A,0.5974784,H,0.3627960964054288,A,0.7133684538305968,A,0.8973346,,,,,0.0,No Value
19347869,2025-09-13 22:00:00,Halmstad,720,Norrköping,3603,Allsvenskan,573,,,,2025-09-13,A,0.06772263,0.1303401,0.8019372,0.8019372,A,0.8923894,A,0.49446376685996074,A,0.8541386229845394,A,0.9646688,,,,,0.0,No Value
19347870,2025-09-13 22:00:00,Degerfors,2753,Mjällby,411,Allsvenskan,573,,,,2025-09-13,A,0.31092238,0.07964503,0.6094325,0.6094325,A,0.6033677,H,0.35635235099471263,A,0.5130050865349426,A,0.96934026,,,,,0.0,No Value
19354713,2025-09-14 15:00:00,Bodø / Glimt,1668,Kristiansund,869,Eliteserien,444,,,,2025-09-14,A,0.15852335,0.3630178,0.47845885,0.47845885,A,0.6225369,A,0.4279590069209318,A,0.4509510461141001,D,0.5530801,,,,,0.0,No Value
19354714,2025-09-14 15:00:00,Brann,2474,Vålerenga,502,Eliteserien,444,,,,2025-09-14,A,0.16988939,0.07953391,0.75057673,0.75057673,A,0.9632386,A,0.42335259541716846,A,0.6192755682519244,A,0.99234533,,,,,0.0,No Value
19354715,2025-09-14 15:00:00,Bryne,8775,Tromsø,7242,Eliteserien,444,,,,2025-09-14,D,0.25057662,0.5122825,0.23714094,0.5122825,H,0.46340618,H,0.46448135686664965,D,0.7726321661698797,D,0.82905406,,,,,0.0,No Value
19354716,2025-09-14 15:00:00,HamKam,8661,Strømsgodset,313,Eliteserien,444,,,,2025-09-14,A,0.17388807,0.12250445,0.70360744,0.70360744,A,0.84415305,A,0.4096076475214055,A,0.6362344341325479,A,0.9218688,,,,,0.0,No Value
19354717,2025-09-14 15:00:00,Haugesund,270,Rosenborg,1335,Eliteserien,444,,,,2025-09-14,A,0.28310198,0.16779032,0.54910773,0.54910773,A,0.6774768,A,0.42468485210294277,A,0.4710712702978895,A,0.6204025,,,,,0.0,No Value
19354718,2025-09-14 15:00:00,KFUM,11914,Viking,321,Eliteserien,444,,,,2025-09-14,A,0.14437294,0.23204994,0.6235771,0.6235771,A,0.8803031,A,0.3772789643192355,A,0.4608335718845507,A,0.7703574,,,,,0.0,No Value
19354719,2025-09-14 15:00:00,Molde,290,Fredrikstad,1743,Eliteserien,444,,,,2025-09-14,A,0.14309846,0.19971007,0.6571915,0.6571915,A,0.73746395,A,0.4607232616070784,A,0.6129551260500842,A,0.8163365,,,,,0.0,No Value
19354720,2025-09-14 15:00:00,Sarpsborg 08,2601,Sandefjord,617,Eliteserien,444,,,,2025-09-14,D,0.14617197,0.46673322,0.3870948,0.46673322,A,0.708919,A,0.4345155966502396,D,0.7889083580055694,D,0.68347514,,,,,0.0,No Value
19347871,2025-09-20 22:00:00,Hammarby,2353,Häcken,2535,Allsvenskan,573,,,,2025-09-20,A,0.18661596,0.1615541,0.65182996,0.65182996,A,0.70619166,H,0.365469297080216,A,0.6408525863697583,A,0.8980295,,,,,0.0,No Value
19347872,2025-09-20 22:00:00,GAIS,1777,Elfsborg,1226,Allsvenskan,573,,,,2025-09-20,A,0.21983859,0.35124737,0.428914,0.428914,A,0.72973406,A,0.47019361998215836,D,0.43696565398195236,D,0.59525704,,,,,0.0,No Value
19347873,2025-09-20 22:00:00,IFK Göteborg,532,Brommapojkarna,3285,Allsvenskan,573,,,,2025-09-20,A,0.12939477,0.38050866,0.4900966,0.4900966,A,0.73940665,A,0.47698540901585407,D,0.47276096850346466,D,0.56340444,,,,,0.0,No Value
19347874,2025-09-20 22:00:00,Malmö FF,354,Djurgården,443,Allsvenskan,573,,,,2025-09-20,D,0.3071131,0.50803304,0.18485387,0.50803304,H,0.43032348,H,0.4080311736259818,D,0.4859418647706703,D,0.89497995,,,,,0.0,No Value
19347875,2025-09-20 22:00:00,Mjällby,411,Öster,2876,Allsvenskan,573,,,,2025-09-20,A,0.30776578,0.11451225,0.57772195,0.57772195,A,0.66464174,A,0.38989255701056275,H,0.5708715461797818,A,0.8644383,,,,,0.0,No Value
19347876,2025-09-20 22:00:00,Norrköping,3603,AIK,2825,Allsvenskan,573,,,,2025-09-20,A,0.4150949,0.08983696,0.49506813,0.49506813,H,0.52554786,A,0.38391686356447213,H,0.6840988417555041,A,0.8911374,,,,,0.0,No Value
19347877,2025-09-20 22:00:00,Sirius,2678,Degerfors,2753,Allsvenskan,573,,,,2025-09-20,A,0.11000416,0.22373812,0.6662577,0.6662577,A,0.8283234,H,0.3567275849773901,A,0.6462314661525859,A,0.87378556,,,,,0.0,No Value
19347878,2025-09-20 22:00:00,Värnamo,6607,Halmstad,720,Allsvenskan,573,,,,2025-09-20,A,0.120262146,0.14366883,0.73606896,0.73606896,A,0.9265877,A,0.41735801960486274,A,0.6510072643604019,A,0.945443,,,,,0.0,No Value
19354721,2025-09-21 15:00:00,Fredrikstad,1743,Bryne,8775,Eliteserien,444,,,,2025-09-21,A,0.030235391,0.3403973,0.6293673,0.6293673,A,0.9098216,A,0.5298804774710234,D,0.540622825092985,A,0.6329107,,,,,0.0,No Value
19354722,2025-09-21 15:00:00,Kristiansund,869,Haugesund,270,Eliteserien,444,,,,2025-09-21,A,0.20660803,0.09134925,0.7020427,0.7020427,A,0.87579507,A,0.4402660402713065,A,0.5050327095474322,A,0.9845913,,,,,0.0,No Value
19354723,2025-09-21 15:00:00,Rosenborg,1335,Bodø / Glimt,1668,Eliteserien,444,,,,2025-09-21,H,0.43503296,0.34430832,0.22065872,0.43503296,H,0.4268596,H,0.40427336325370206,D,0.4442069597432118,H,0.52871716,,,,,0.0,No Value
19354724,2025-09-21 15:00:00,Sandefjord,617,Brann,2474,Eliteserien,444,,,,2025-09-21,A,0.26447326,0.079765566,0.65576124,0.65576124,A,0.89850885,A,0.3765246862645253,H,0.5936485987423595,A,0.9486791,,,,,0.0,No Value
19354725,2025-09-21 15:00:00,Strømsgodset,313,Sarpsborg 08,2601,Eliteserien,444,,,,2025-09-21,A,0.15251398,0.35642973,0.49105626,0.49105626,A,0.63177246,A,0.4243671503508651,D,0.5095634665228032,A,0.47446015,,,,,0.0,No Value
19354726,2025-09-21 15:00:00,Tromsø,7242,HamKam,8661,Eliteserien,444,,,,2025-09-21,H,0.6371371,0.06343778,0.29942513,0.6371371,H,0.7428867,A,0.39796575788435457,H,0.8798941875631242,H,0.55972075,,,,,0.0,No Value
19354727,2025-09-21 15:00:00,Viking,321,Molde,290,Eliteserien,444,,,,2025-09-21,A,0.121234395,0.07804046,0.80072516,0.80072516,A,0.9662276,A,0.41957875766154235,A,0.8209903666881809,A,0.9922504,,,,,0.0,No Value
19354728,2025-09-21 15:00:00,Vålerenga,502,KFUM,11914,Eliteserien,444,,,,2025-09-21,A,0.15441918,0.12392013,0.7216607,0.7216607,A,0.89004505,A,0.4121184614609513,A,0.5963510711527326,A,0.9853112,,,,,0.0,No Value
19347879,2025-09-27 22:00:00,AIK,2825,GAIS,1777,Allsvenskan,573,,,,2025-09-27,A,0.081318654,0.13290705,0.78577435,0.78577435,A,0.9471884,A,0.5290024269774112,A,0.7050110552941136,A,0.9586371,,,,,0.0,No Value
19347880,2025-09-27 22:00:00,Djurgården,443,Sirius,2678,Allsvenskan,573,,,,2025-09-27,A,0.40357512,0.12196634,0.47445852,0.47445852,A,0.5295184,H,0.3723441314290651,H,0.5960003599171577,A,0.75642693,,,,,0.0,No Value
19347881,2025-09-27 22:00:00,Brommapojkarna,3285,Mjällby,411,Allsvenskan,573,,,,2025-09-27,D,0.15745841,0.55193245,0.29060915,0.55193245,A,0.46746552,H,0.3723725571547293,D,0.7758939695829208,D,0.68821347,,,,,0.0,No Value
19347882,2025-09-27 22:00:00,Elfsborg,1226,Degerfors,2753,Allsvenskan,573,,,,2025-09-27,A,0.20727874,0.07259818,0.72012305,0.72012305,A,0.95601946,A,0.4684779298912267,H,0.5373045690593016,A,0.9949598,,,,,0.0,No Value
19347883,2025-09-27 22:00:00,Häcken,2535,Norrköping,3603,Allsvenskan,573,,,,2025-09-27,A,0.2696892,0.065230854,0.66507995,0.66507995,A,0.8239684,A,0.38719799685263384,A,0.5396766066617484,A,0.9068286,,,,,0.0,No Value
19347884,2025-09-27 22:00:00,Öster,2876,IFK Göteborg,532,Allsvenskan,573,,,,2025-09-27,A,0.040550727,0.23078008,0.72866917,0.72866917,A,0.91948783,A,0.5187067943328579,A,0.5591276634944521,A,0.913833,,,,,0.0,No Value
19347885,2025-09-27 22:00:00,Malmö FF,354,Värnamo,6607,Allsvenskan,573,,,,2025-09-27,A,0.3933648,0.105012216,0.50162303,0.50162303,H,0.5306212,H,0.41179454489139233,A,0.4871571755848314,A,0.81857675,,,,,0.0,No Value
19347886,2025-09-27 22:00:00,Halmstad,720,Hammarby,2353,Allsvenskan,573,,,,2025-09-27,D,0.106421694,0.46172175,0.43185657,0.46172175,A,0.72807467,A,0.42537767313783215,A,0.4807189440999391,D,0.8976589,,,,,0.0,No Value
19354729,2025-09-28 15:00:00,Brann,2474,Bodø / Glimt,1668,Eliteserien,444,,,,2025-09-28,A,0.10304283,0.25689167,0.6400655,0.6400655,A,0.8844192,A,0.4782787155342212,A,0.6386565083645552,A,0.5518178,,,,,0.0,No Value
19354730,2025-09-28 15:00:00,Bryne,8775,Kristiansund,869,Eliteserien,444,,,,2025-09-28,A,0.41980243,0.139971,0.44022655,0.44022655,H,0.57531124,H,0.42913840148270993,A,0.4999301868591153,A,0.5819864,,,,,0.0,No Value
19354731,2025-09-28 15:00:00,HamKam,8661,Rosenborg,1335,Eliteserien,444,,,,2025-09-28,A,0.22393033,0.091940425,0.68412924,0.68412924,A,0.8711837,A,0.4209158149196271,A,0.5229635284098872,A,0.9181971,,,,,0.0,No Value
19354732,2025-09-28 15:00:00,Haugesund,270,Sandefjord,617,Eliteserien,444,,,,2025-09-28,A,0.30262828,0.24766669,0.44970503,0.44970503,A,0.5695326,A,0.44143313617842944,H,0.4597640038983103,A,0.47270215,,,,,0.0,No Value
19354733,2025-09-28 15:00:00,KFUM,11914,Fredrikstad,1743,Eliteserien,444,,,,2025-09-28,A,0.12787482,0.23873578,0.63338935,0.63338935,A,0.7168368,A,0.3951343412638893,A,0.6908360963501888,A,0.72853875,,,,,0.0,No Value
19354734,2025-09-28 15:00:00,Molde,290,Vålerenga,502,Eliteserien,444,,,,2025-09-28,A,0.25146806,0.1780475,0.57048446,0.57048446,A,0.8551353,A,0.4018351858341343,H,0.4439836461928289,A,0.65072465,,,,,0.0,No Value
19354735,2025-09-28 15:00:00,Sarpsborg 08,2601,Viking,321,Eliteserien,444,,,,2025-09-28,A,0.30605158,0.07785417,0.61609423,0.61609423,A,0.7395422,A,0.43524224135732137,A,0.5090066446147269,A,0.7784741,,,,,0.0,No Value
19354736,2025-09-28 15:00:00,Tromsø,7242,Strømsgodset,313,Eliteserien,444,,,,2025-09-28,A,0.14122176,0.21795113,0.6408271,0.6408271,A,0.81106687,A,0.43094433452095077,A,0.5466005899652259,A,0.7710895,,,,,0.0,No Value
19347887,2025-10-04 22:00:00,AIK,2825,Värnamo,6607,Allsvenskan,573,,,,2025-10-04,A,0.09605982,0.12966116,0.77427906,0.77427906,A,0.90455717,A,0.5626095978686761,A,0.6700188632986505,A,0.95770437,,,,,0.0,No Value
19347888,2025-10-04 22:00:00,Brommapojkarna,3285,Häcken,2535,Allsvenskan,573,,,,2025-10-04,A,0.14962184,0.07799017,0.772388,0.772388,A,0.9608111,A,0.4053040031621065,A,0.7211852453873911,A,0.9983111,,,,,0.0,No Value
19347889,2025-10-04 22:00:00,GAIS,1777,Norrköping,3603,Allsvenskan,573,,,,2025-10-04,A,0.21911867,0.16825886,0.6126225,0.6126225,A,0.6854316,D,0.3366301868766541,A,0.5306592283231193,A,0.9013242,,,,,0.0,No Value
19347890,2025-10-04 22:00:00,IFK Göteborg,532,Hammarby,2353,Allsvenskan,573,,,,2025-10-04,A,0.05996062,0.33699974,0.6030396,0.6030396,A,0.90572953,A,0.536165339345769,D,0.6261525365175056,A,0.6210202,,,,,0.0,No Value
19347891,2025-10-04 22:00:00,Öster,2876,Halmstad,720,Allsvenskan,573,,,,2025-10-04,A,0.08375534,0.22811237,0.6881323,0.6881323,A,0.8786322,A,0.6250615485411716,A,0.4881897024065189,A,0.75680786,,,,,0.0,No Value
19347892,2025-10-04 22:00:00,Mjällby,411,Elfsborg,1226,Allsvenskan,573,,,,2025-10-04,H,0.45787525,0.10752177,0.43460298,0.45787525,H,0.52721053,H,0.3819468360578579,H,0.6364608631547747,A,0.71216434,,,,,0.0,No Value
19347893,2025-10-04 22:00:00,Sirius,2678,Malmö FF,354,Allsvenskan,573,,,,2025-10-04,A,0.08290669,0.20378746,0.7133059,0.7133059,A,0.9470156,A,0.45626572891472933,A,0.6524309566065812,A,0.79175246,,,,,0.0,No Value
19347894,2025-10-04 22:00:00,Degerfors,2753,Djurgården,443,Allsvenskan,573,,,,2025-10-04,A,0.33579114,0.12476109,0.5394478,0.5394478,A,0.61494786,A,0.3505330286911975,H,0.4392575302768291,A,0.7524365,,,,,0.0,No Value
19354737,2025-10-05 15:00:00,Bodø / Glimt,1668,Haugesund,270,Eliteserien,444,,,,2025-10-05,D,0.24460217,0.62194777,0.13345009,0.62194777,D,0.44791907,H,0.43067546043876553,D,0.8658101650242316,D,0.8293719,,,,,0.0,No Value
19354738,2025-10-05 15:00:00,Fredrikstad,1743,HamKam,8661,Eliteserien,444,,,,2025-10-05,H,0.45815325,0.123978585,0.41786817,0.45815325,H,0.5318925,H,0.4197597378512242,H,0.49681768401430443,A,0.5905304,,,,,0.0,No Value
19354739,2025-10-05 15:00:00,Kristiansund,869,Molde,290,Eliteserien,444,,,,2025-10-05,D,0.19819736,0.4717553,0.33004737,0.4717553,A,0.5919028,H,0.35652334413444786,D,0.5410145559185613,D,0.8816087,,,,,0.0,No Value
19354740,2025-10-05 15:00:00,Rosenborg,1335,Sarpsborg 08,2601,Eliteserien,444,,,,2025-10-05,A,0.0606739,0.38482326,0.5545028,0.5545028,A,0.8780787,A,0.4801284281167749,D,0.5745396158879106,A,0.4826418,,,,,0.0,No Value
19354741,2025-10-05 15:00:00,Sandefjord,617,Bryne,8775,Eliteserien,444,,,,2025-10-05,A,0.14748237,0.068028904,0.7844888,0.7844888,A,0.9524104,A,0.4011785342738342,A,0.7843432029406219,A,0.99630255,,,,,0.0,No Value
19354742,2025-10-05 15:00:00,Strømsgodset,313,KFUM,11914,Eliteserien,444,,,,2025-10-05,A,0.079300135,0.13979758,0.78090227,0.78090227,A,0.93110985,A,0.5316000474166588,A,0.7175132254509452,A,0.94028217,,,,,0.0,No Value
19354743,2025-10-05 15:00:00,Viking,321,Brann,2474,Eliteserien,444,,,,2025-10-05,A,0.090877034,0.17296126,0.7361617,0.7361617,A,0.93593955,A,0.4467881370140767,A,0.696029459327955,A,0.86114675,,,,,0.0,No Value
19354744,2025-10-05 15:00:00,Vålerenga,502,Tromsø,7242,Eliteserien,444,,,,2025-10-05,A,0.2870367,0.057782542,0.65518075,0.65518075,A,0.6854271,A,0.40159355815454173,A,0.6496472790616767,A,0.88422567,,,,,0.0,No Value
19347895,2025-10-18 22:00:00,Hammarby,2353,AIK,2825,Allsvenskan,573,,,,2025-10-18,A,0.11157881,0.44182843,0.44659275,0.44659275,A,0.6336673,A,0.45532969573987725,A,0.4390838481803155,D,0.6609639,,,,,0.0,No Value
19347896,2025-10-18 22:00:00,Elfsborg,1226,Öster,2876,Allsvenskan,573,,,,2025-10-18,A,0.08435117,0.10023626,0.8154126,0.8154126,A,0.974798,A,0.5993846265141677,A,0.6937238373175518,A,0.99077964,,,,,0.0,No Value
19347897,2025-10-18 22:00:00,GAIS,1777,Djurgården,443,Allsvenskan,573,,,,2025-10-18,A,0.12799005,0.16915633,0.7028536,0.7028536,A,0.8342082,A,0.46313661133237843,A,0.6370485274732264,A,0.8745015,,,,,0.0,No Value
19347898,2025-10-18 22:00:00,IFK Göteborg,532,Mjällby,411,Allsvenskan,573,,,,2025-10-18,A,0.2569275,0.07758218,0.6654903,0.6654903,A,0.9020081,A,0.40451601426415934,H,0.6176160434352735,A,0.97633994,,,,,0.0,No Value
19347899,2025-10-18 22:00:00,Häcken,2535,Sirius,2678,Allsvenskan,573,,,,2025-10-18,A,0.08146528,0.3689854,0.54954934,0.54954934,A,0.8037736,A,0.5151777544589047,D,0.5641472204235033,A,0.5970779,,,,,0.0,No Value
19347900,2025-10-18 22:00:00,Norrköping,3603,Malmö FF,354,Allsvenskan,573,,,,2025-10-18,A,0.17854573,0.3141452,0.5073091,0.5073091,A,0.5845052,H,0.37803658021244474,A,0.6072488096440389,A,0.5767244,,,,,0.0,No Value
19347901,2025-10-18 22:00:00,Degerfors,2753,Halmstad,720,Allsvenskan,573,,,,2025-10-18,A,0.26207948,0.10679054,0.63113,0.63113,A,0.8490292,A,0.3533107358494325,H,0.5979518176820569,A,0.9555845,,,,,0.0,No Value
19347902,2025-10-18 22:00:00,Värnamo,6607,Brommapojkarna,3285,Allsvenskan,573,,,,2025-10-18,A,0.051085804,0.25540933,0.69350487,0.69350487,A,0.8770095,A,0.5657496599209119,A,0.6248471840403075,A,0.7017812,,,,,0.0,No Value
19354745,2025-10-19 15:00:00,Brann,2474,Haugesund,270,Eliteserien,444,,,,2025-10-19,A,0.1475057,0.23103704,0.6214572,0.6214572,A,0.9034778,A,0.5052634212321684,A,0.4718727516599902,A,0.59818876,,,,,0.0,No Value
19354746,2025-10-19 15:00:00,Bryne,8775,Rosenborg,1335,Eliteserien,444,,,,2025-10-19,A,0.25865164,0.080537006,0.66081136,0.66081136,A,0.74683756,A,0.3996417318749951,A,0.511216599221656,A,0.9853922,,,,,0.0,No Value
19354747,2025-10-19 15:00:00,HamKam,8661,Vålerenga,502,Eliteserien,444,,,,2025-10-19,A,0.23505747,0.072733946,0.69220865,0.69220865,A,0.85016686,A,0.42588888164196675,A,0.5245068957828729,A,0.9660205,,,,,0.0,No Value
19354748,2025-10-19 15:00:00,KFUM,11914,Kristiansund,869,Eliteserien,444,,,,2025-10-19,A,0.24287242,0.08865138,0.6684762,0.6684762,A,0.8106774,A,0.44207636186545185,H,0.49087218356981466,A,0.92845756,,,,,0.0,No Value
19354749,2025-10-19 15:00:00,Molde,290,Sandefjord,617,Eliteserien,444,,,,2025-10-19,A,0.20779304,0.33050546,0.46170145,0.46170145,A,0.50324756,A,0.366167438404233,A,0.4611078846767805,A,0.515371,,,,,0.0,No Value
19354750,2025-10-19 15:00:00,Sarpsborg 08,2601,Bodø / Glimt,1668,Eliteserien,444,,,,2025-10-19,A,0.24790893,0.07125572,0.68083537,0.68083537,A,0.85426533,A,0.3877047068376778,A,0.5372847670514515,A,0.94121826,,,,,0.0,No Value
19354751,2025-10-19 15:00:00,Strømsgodset,313,Fredrikstad,1743,Eliteserien,444,,,,2025-10-19,A,0.40383145,0.15646331,0.4397052,0.4397052,A,0.5199741,A,0.4089299421707801,H,0.36225672027572076,H,0.4810335,,,,,0.0,No Value
19354752,2025-10-19 15:00:00,Tromsø,7242,Viking,321,Eliteserien,444,,,,2025-10-19,A,0.18545139,0.16401455,0.65053403,0.65053403,A,0.7949435,A,0.4417798920459482,A,0.6315921221829877,A,0.7302913,,,,,0.0,No Value
19347903,2025-10-25 22:00:00,AIK,2825,Häcken,2535,Allsvenskan,573,,,,2025-10-25,A,0.14334129,0.28094995,0.57570875,0.57570875,A,0.811071,H,0.39322298841158854,A,0.53042071430245,A,0.6003035,,,,,0.0,No Value
19347904,2025-10-25 22:00:00,Djurgården,443,Värnamo,6607,Allsvenskan,573,,,,2025-10-25,A,0.29716572,0.07387673,0.6289575,0.6289575,A,0.7533777,A,0.4092009657675228,H,0.5853927043919124,A,0.9597055,,,,,0.0,No Value
19347905,2025-10-25 22:00:00,Brommapojkarna,3285,GAIS,1777,Allsvenskan,573,,,,2025-10-25,A,0.26316857,0.11232561,0.6245059,0.6245059,A,0.7454454,H,0.36039710788445145,H,0.4424055937182587,A,0.96171534,,,,,0.0,No Value
19347906,2025-10-25 22:00:00,Öster,2876,Degerfors,2753,Allsvenskan,573,,,,2025-10-25,D,0.110716894,0.54600525,0.3432779,0.54600525,A,0.6157409,A,0.4797191733216579,D,0.6798815921427143,D,0.9414566,,,,,0.0,No Value
19347907,2025-10-25 22:00:00,Malmö FF,354,Hammarby,2353,Allsvenskan,573,,,,2025-10-25,D,0.19224732,0.43541154,0.3723411,0.43541154,A,0.56296104,D,0.35145254520939134,A,0.4763305406321675,D,0.74929893,,,,,0.0,No Value
19347908,2025-10-25 22:00:00,Mjällby,411,Norrköping,3603,Allsvenskan,573,,,,2025-10-25,A,0.30918068,0.09238063,0.59843874,0.59843874,A,0.49574193,H,0.3941010107394383,A,0.7440790269641345,A,0.83428544,,,,,0.0,No Value
19347909,2025-10-25 22:00:00,Sirius,2678,Elfsborg,1226,Allsvenskan,573,,,,2025-10-25,D,0.1953061,0.52621233,0.27848154,0.52621233,A,0.45826516,H,0.3894036892113871,D,0.6149836224359964,D,0.8123613,,,,,0.0,No Value
19347910,2025-10-25 22:00:00,Halmstad,720,IFK Göteborg,532,Allsvenskan,573,,,,2025-10-25,A,0.35666266,0.09385064,0.5494867,0.5494867,H,0.5962791,H,0.393259956924559,A,0.7457554129019065,A,0.7321264,,,,,0.0,No Value
19354753,2025-10-26 16:00:00,Bodø / Glimt,1668,Molde,290,Eliteserien,444,,,,2025-10-26,A,0.21808304,0.13291016,0.6490068,0.6490068,A,0.79286945,A,0.3895031227290639,A,0.49758218042397195,A,0.91408134,,,,,0.0,No Value
19354754,2025-10-26 16:00:00,Haugesund,270,Tromsø,7242,Eliteserien,444,,,,2025-10-26,A,0.13605739,0.12714113,0.7368015,0.7368015,A,0.8982811,A,0.46609307896545943,A,0.6549845082485035,A,0.9246567,,,,,0.0,No Value
19354755,2025-10-26 16:00:00,Kristiansund,869,HamKam,8661,Eliteserien,444,,,,2025-10-26,A,0.38386786,0.075185105,0.540947,0.540947,A,0.57022566,A,0.3882757330309905,A,0.5274140815245599,A,0.6777228,,,,,0.0,No Value
19354756,2025-10-26 16:00:00,Rosenborg,1335,Brann,2474,Eliteserien,444,,,,2025-10-26,D,0.3614215,0.4013428,0.23723568,0.4013428,H,0.57936615,H,0.414055395030011,D,0.5765797590693874,D,0.5181271,,,,,0.0,No Value
19354757,2025-10-26 16:00:00,Sandefjord,617,Fredrikstad,1743,Eliteserien,444,,,,2025-10-26,A,0.17027204,0.21470289,0.6150251,0.6150251,A,0.9161597,A,0.5047422490937303,A,0.41468790547744444,A,0.6594366,,,,,0.0,No Value
19354758,2025-10-26 16:00:00,Sarpsborg 08,2601,KFUM,11914,Eliteserien,444,,,,2025-10-26,A,0.27562186,0.22041333,0.5039648,0.5039648,A,0.6057755,A,0.3762934985483589,A,0.48299981045051943,A,0.548294,,,,,0.0,No Value
19354759,2025-10-26 16:00:00,Viking,321,Bryne,8775,Eliteserien,444,,,,2025-10-26,A,0.06092166,0.06749085,0.8715875,0.8715875,A,0.97453654,A,0.6289823446682529,A,0.8813697577378565,A,0.99911565,,,,,0.0,No Value
19354760,2025-10-26 16:00:00,Vålerenga,502,Strømsgodset,313,Eliteserien,444,,,,2025-10-26,A,0.20585272,0.09239598,0.7017513,0.7017513,A,0.82697797,A,0.4762483337097483,A,0.5424011034155909,A,0.9599142,,,,,0.0,No Value
19347911,2025-11-01 23:00:00,Djurgården,443,IFK Göteborg,532,Allsvenskan,573,,,,2025-11-01,D,0.17528628,0.41352326,0.41119045,0.41352326,A,0.74310833,H,0.36216207130823624,A,0.46492184109120926,D,0.83023655,,,,,0.0,No Value
19347912,2025-11-01 23:00:00,Elfsborg,1226,AIK,2825,Allsvenskan,573,,,,2025-11-01,A,0.32909188,0.13713537,0.5337727,0.5337727,A,0.5750257,A,0.39855605958375434,A,0.456310623702226,A,0.705222,,,,,0.0,No Value
19347913,2025-11-01 23:00:00,GAIS,1777,Öster,2876,Allsvenskan,573,,,,2025-11-01,A,0.2326741,0.18523534,0.5820906,0.5820906,A,0.7704302,A,0.4835503748802236,A,0.47735969228855096,A,0.59246665,,,,,0.0,No Value
19347914,2025-11-01 23:00:00,Häcken,2535,Malmö FF,354,Allsvenskan,573,,,,2025-11-01,A,0.19314511,0.26225758,0.54459727,0.54459727,A,0.5157949,H,0.3608081693525339,A,0.6204636617897856,A,0.7570948,,,,,0.0,No Value
19347915,2025-11-01 23:00:00,Norrköping,3603,Sirius,2678,Allsvenskan,573,,,,2025-11-01,D,0.24648015,0.46985373,0.2836661,0.46985373,H,0.37514243,D,0.3652128713920594,D,0.5033450300094351,D,0.7479167,,,,,0.0,No Value
19347916,2025-11-01 23:00:00,Halmstad,720,Brommapojkarna,3285,Allsvenskan,573,,,,2025-11-01,A,0.2778163,0.2618902,0.46029353,0.46029353,A,0.46521273,H,0.3569151877748187,A,0.4529287596018015,A,0.6366708,,,,,0.0,No Value
19347917,2025-11-01 23:00:00,Degerfors,2753,Hammarby,2353,Allsvenskan,573,,,,2025-11-01,A,0.08144522,0.42161378,0.49694103,0.49694103,A,0.69729453,A,0.5157291016196998,D,0.6380264291564764,D,0.46187508,,,,,0.0,No Value
19347918,2025-11-01 23:00:00,Värnamo,6607,Mjällby,411,Allsvenskan,573,,,,2025-11-01,A,0.12714364,0.24301435,0.62984204,0.62984204,A,0.714673,A,0.46245605348748203,A,0.6265022042517611,A,0.7137776,,,,,0.0,No Value
19354761,2025-11-02 16:00:00,Bryne,8775,Brann,2474,Eliteserien,444,,,,2025-11-02,A,0.31411165,0.18378963,0.50209874,0.50209874,A,0.4734104,H,0.4344059553741954,A,0.7536760929696971,A,0.58096266,,,,,0.0,No Value
19354762,2025-11-02 16:00:00,Fredrikstad,1743,Kristiansund,869,Eliteserien,444,,,,2025-11-02,A,0.31510764,0.07320348,0.61168885,0.61168885,A,0.68560463,H,0.38175244303457323,A,0.5310891358384298,A,0.8657892,,,,,0.0,No Value
19354763,2025-11-02 16:00:00,HamKam,8661,Sandefjord,617,Eliteserien,444,,,,2025-11-02,A,0.14718314,0.08818758,0.76462924,0.76462924,A,0.93111324,A,0.4014302662905463,A,0.7317261110373122,A,0.99080986,,,,,0.0,No Value
19354764,2025-11-02 16:00:00,KFUM,11914,Haugesund,270,Eliteserien,444,,,,2025-11-02,A,0.14479023,0.109775454,0.7454343,0.7454343,A,0.88876474,A,0.4370862397102421,A,0.7406005847419556,A,0.91207623,,,,,0.0,No Value
19354765,2025-11-02 16:00:00,Molde,290,Rosenborg,1335,Eliteserien,444,,,,2025-11-02,H,0.35604274,0.34857422,0.295383,0.35604274,D,0.36279297,H,0.3946099291477574,D,0.4717999506334018,H,0.4402548,,,,,0.0,No Value
19354766,2025-11-02 16:00:00,Strømsgodset,313,Viking,321,Eliteserien,444,,,,2025-11-02,A,0.09536402,0.43861157,0.46602443,0.46602443,A,0.85559434,A,0.44900710219793205,D,0.5905754749237131,D,0.83073616,,,,,0.0,No Value
19354767,2025-11-02 16:00:00,Tromsø,7242,Sarpsborg 08,2601,Eliteserien,444,,,,2025-11-02,A,0.31036264,0.10532931,0.584308,0.584308,A,0.879696,A,0.5288150861659705,H,0.8552234611344388,A,0.82459545,,,,,0.0,No Value
19354768,2025-11-02 16:00:00,Vålerenga,502,Bodø / Glimt,1668,Eliteserien,444,,,,2025-11-02,A,0.3390897,0.097987674,0.5629226,0.5629226,A,0.49279472,H,0.36245809318600275,A,0.5682355489926526,A,0.84545326,,,,,0.0,No Value
19347919,2025-11-08 23:00:00,AIK,2825,Halmstad,720,Allsvenskan,573,,,,2025-11-08,A,0.33220834,0.15194897,0.5158427,0.5158427,A,0.6836905,A,0.37153553030688774,H,0.42235634351037354,A,0.59186095,,,,,0.0,No Value
19347920,2025-11-08 23:00:00,Hammarby,2353,Elfsborg,1226,Allsvenskan,573,,,,2025-11-08,D,0.13516934,0.48020673,0.38462394,0.48020673,A,0.6237932,D,0.37209678675500124,D,0.46330072294376484,D,0.779309,,,,,0.0,No Value
19347921,2025-11-08 23:00:00,Brommapojkarna,3285,Degerfors,2753,Allsvenskan,573,,,,2025-11-08,A,0.13516085,0.43139693,0.43344223,0.43344223,A,0.74121404,D,0.33990023494339966,A,0.5344171098902389,D,0.8642412,,,,,0.0,No Value
19347922,2025-11-08 23:00:00,IFK Göteborg,532,Norrköping,3603,Allsvenskan,573,,,,2025-11-08,A,0.12684503,0.18595593,0.68719906,0.68719906,A,0.81611097,A,0.3542459931814761,A,0.6372384782744888,A,0.9390004,,,,,0.0,No Value
19347923,2025-11-08 23:00:00,Öster,2876,Djurgården,443,Allsvenskan,573,,,,2025-11-08,A,0.16926001,0.12334813,0.70739186,0.70739186,A,0.8670589,A,0.5280155146450072,A,0.5349582059407235,A,0.8969051,,,,,0.0,No Value
19347924,2025-11-08 23:00:00,Malmö FF,354,GAIS,1777,Allsvenskan,573,,,,2025-11-08,A,0.13112494,0.081659526,0.7872156,0.7872156,A,0.9515761,A,0.5387734851119423,A,0.660828905410782,A,0.99474514,,,,,0.0,No Value
19347925,2025-11-08 23:00:00,Mjällby,411,Häcken,2535,Allsvenskan,573,,,,2025-11-08,A,0.3997615,0.105243154,0.49499533,0.49499533,H,0.5446961,A,0.38117478586575865,A,0.5091547772674992,A,0.67839986,,,,,0.0,No Value
19347926,2025-11-08 23:00:00,Sirius,2678,Värnamo,6607,Allsvenskan,573,,,,2025-11-08,A,0.2525496,0.0848397,0.66261077,0.66261077,A,0.8257002,A,0.4284470425711664,H,0.4976600358690257,A,0.89605653,,,,,0.0,No Value
19354769,2025-11-09 16:00:00,Bodø / Glimt,1668,Bryne,8775,Eliteserien,444,,,,2025-11-09,A,0.13693687,0.38011605,0.48294702,0.48294702,A,0.7070701,A,0.45741050553885393,A,0.5244628542620463,D,0.73182607,,,,,0.0,No Value
19354770,2025-11-09 16:00:00,Brann,2474,KFUM,11914,Eliteserien,444,,,,2025-11-09,A,0.25310233,0.061391167,0.68550646,0.68550646,A,0.9144297,H,0.4282744938810136,H,0.5150061370429267,A,0.9900739,,,,,0.0,No Value
19354771,2025-11-09 16:00:00,Haugesund,270,Molde,290,Eliteserien,444,,,,2025-11-09,A,0.10963206,0.24242051,0.64794743,0.64794743,A,0.756593,H,0.34974554089180293,A,0.7843399151615584,A,0.6996615,,,,,0.0,No Value
19354772,2025-11-09 16:00:00,Kristiansund,869,Strømsgodset,313,Eliteserien,444,,,,2025-11-09,A,0.22852825,0.38281128,0.38866046,0.38866046,A,0.610148,A,0.3606778923183939,D,0.5056223313022425,D,0.49157387,,,,,0.0,No Value
19354773,2025-11-09 16:00:00,Rosenborg,1335,Vålerenga,502,Eliteserien,444,,,,2025-11-09,A,0.3650036,0.05975151,0.57524484,0.57524484,A,0.7108045,A,0.41100177234245355,H,0.6196264696102294,A,0.8283903,,,,,0.0,No Value
19354774,2025-11-09 16:00:00,Sandefjord,617,Tromsø,7242,Eliteserien,444,,,,2025-11-09,A,0.16307914,0.39392984,0.44299108,0.44299108,A,0.6914753,A,0.40993780056439505,D,0.45012072642533485,D,0.6887009,,,,,0.0,No Value
19354775,2025-11-09 16:00:00,Sarpsborg 08,2601,Fredrikstad,1743,Eliteserien,444,,,,2025-11-09,A,0.20467825,0.07009322,0.72522855,0.72522855,A,0.9254901,A,0.4588028851261586,A,0.5276145425481064,A,0.98570126,,,,,0.0,No Value
19354776,2025-11-09 16:00:00,Viking,321,HamKam,8661,Eliteserien,444,,,,2025-11-09,A,0.17182212,0.13741265,0.69076526,0.69076526,A,0.8959467,A,0.42796398334391017,A,0.6393364160524686,A,0.7948965,,,,,0.0,No Value
19354777,2025-11-22 16:00:00,Bryne,8775,Sarpsborg 08,2601,Eliteserien,444,,,,2025-11-22,D,0.23770946,0.49883682,0.2634537,0.49883682,A,0.4695734,H,0.4086902874282901,D,0.5732234460428806,D,0.8878293,,,,,0.0,No Value
19354778,2025-11-22 16:00:00,Fredrikstad,1743,Viking,321,Eliteserien,444,,,,2025-11-22,A,0.29058656,0.08984742,0.619566,0.619566,A,0.72803754,H,0.39749753858763326,A,0.5524811602399279,A,0.8218391,,,,,0.0,No Value
19354779,2025-11-22 16:00:00,HamKam,8661,Haugesund,270,Eliteserien,444,,,,2025-11-22,A,0.09922522,0.37896764,0.5218071,0.5218071,A,0.85634416,A,0.45109099644739,D,0.47582710188095045,D,0.53425646,,,,,0.0,No Value
19354780,2025-11-22 16:00:00,KFUM,11914,Bodø / Glimt,1668,Eliteserien,444,,,,2025-11-22,A,0.10063661,0.30173966,0.59762377,0.59762377,A,0.7705471,A,0.4416788192626646,A,0.5677882002596386,A,0.6059243,,,,,0.0,No Value
19354781,2025-11-22 16:00:00,Molde,290,Brann,2474,Eliteserien,444,,,,2025-11-22,A,0.19473983,0.16671339,0.63854676,0.63854676,A,0.7865259,A,0.4978190734943765,A,0.42693508115806833,A,0.84087116,,,,,0.0,No Value
19354782,2025-11-22 16:00:00,Strømsgodset,313,Sandefjord,617,Eliteserien,444,,,,2025-11-22,D,0.22038628,0.46703017,0.31258357,0.46703017,H,0.35705832,H,0.4142020795612584,D,0.6284145755306728,D,0.58675784,,,,,0.0,No Value
19354783,2025-11-22 16:00:00,Tromsø,7242,Rosenborg,1335,Eliteserien,444,,,,2025-11-22,A,0.15328902,0.104259506,0.7424515,0.7424515,A,0.8881641,A,0.45003532892565884,A,0.6936453780685505,A,0.93504095,,,,,0.0,No Value
19354784,2025-11-22 16:00:00,Vålerenga,502,Kristiansund,869,Eliteserien,444,,,,2025-11-22,A,0.30261835,0.18971252,0.5076691,0.5076691,A,0.6574952,A,0.3877404694169235,H,0.3660909799562353,A,0.63328594,,,,,0.0,No Value
19354785,2025-11-30 16:00:00,Bodø / Glimt,1668,Fredrikstad,1743,Eliteserien,444,,,,2025-11-30,A,0.1923808,0.08678887,0.7208303,0.7208303,A,0.87757677,A,0.3858463753971514,A,0.6345393190627389,A,0.9826372,,,,,0.0,No Value
19354786,2025-11-30 16:00:00,Brann,2474,HamKam,8661,Eliteserien,444,,,,2025-11-30,A,0.3636955,0.09988883,0.5364157,0.5364157,H,0.5208542,H,0.3651846886799498,A,0.6031332515768414,A,0.78772783,,,,,0.0,No Value
19354787,2025-11-30 16:00:00,Haugesund,270,Bryne,8775,Eliteserien,444,,,,2025-11-30,A,0.24128836,0.06897341,0.6897382,0.6897382,A,0.9057904,A,0.42054637452093846,H,0.5603573303854175,A,0.9975477,,,,,0.0,No Value
19354788,2025-11-30 16:00:00,Kristiansund,869,Tromsø,7242,Eliteserien,444,,,,2025-11-30,A,0.20378095,0.057107694,0.7391113,0.7391113,A,0.8727917,A,0.4677667191710474,A,0.6305750160264941,A,0.9832737,,,,,0.0,No Value
19354789,2025-11-30 16:00:00,Rosenborg,1335,Strømsgodset,313,Eliteserien,444,,,,2025-11-30,A,0.043056265,0.47742212,0.4795216,0.4795216,A,0.77652794,A,0.5798179614781517,D,0.6807609244076136,D,0.68182683,,,,,0.0,No Value
19354790,2025-11-30 16:00:00,Sandefjord,617,KFUM,11914,Eliteserien,444,,,,2025-11-30,A,0.112794526,0.08342294,0.8037825,0.8037825,A,0.97015846,A,0.5541083200990382,A,0.6949314209897042,A,0.99276173,,,,,0.0,No Value
19354791,2025-11-30 16:00:00,Sarpsborg 08,2601,Molde,290,Eliteserien,444,,,,2025-11-30,A,0.052051976,0.26421416,0.68373394,0.68373394,A,0.81733483,A,0.5122427618061772,A,0.6758289641865449,A,0.72607684,,,,,0.0,No Value
19354792,2025-11-30 16:00:00,Viking,321,Vålerenga,502,Eliteserien,444,,,,2025-11-30,A,0.033062454,0.10836129,0.85857624,0.85857624,A,0.9358165,A,0.6943150006809272,A,0.8177755736376616,A,0.9850364,,,,,0.0,No Value
