fixture_id,pred_ou_2_5_cards_random_forest,pred_ou_2_5_cards_gradient_boosting,pred_ou_2_5_goals_logistic_regression,pred_ou_2_5_goals_random_forest,pred_ou_3_5_cards_logistic_regression,pred_1x2_gradient_boosting,pred_ou_3_5_goals_xgboost,pred_ou_3_5_cards_gradient_boosting,pred_ou_2_5_goals_xgboost,pred_ou_3_5_cards_xgboost,pred_ou_2_5_cards_xgboost,pred_ou_3_5_goals_gradient_boosting,pred_1x2_xgboost,pred_ou_2_5_cards_logistic_regression,pred_ou_3_5_goals_random_forest,pred_1x2_logistic_regression,pred_ou_3_5_goals_logistic_regression,pred_1x2_random_forest,pred_ou_3_5_cards_random_forest,pred_ou_2_5_goals_gradient_boosting
420720,0,0,0,0,0,0,0,0,1,0,0,0,0,0,0,0,0,0,0,0
420823,0,0,0,1,0,2,0,0,1,0,0,0,1,0,0,0,0,2,0,0
420895,0,0,0,1,0,0,0,0,0,0,0,0,1,0,0,0,0,1,0,0
420985,0,0,0,1,0,2,0,0,1,0,0,0,1,0,0,0,0,1,0,0
421080,0,0,0,0,0,0,0,0,0,0,0,0,0,0,0,0,0,0,0,0
421118,0,0,0,1,0,2,0,0,1,0,0,0,1,0,0,0,0,2,0,0
421136,0,0,0,1,0,0,0,0,0,0,0,0,1,0,0,0,0,1,0,0
421166,0,0,0,1,0,0,0,0,0,0,0,0,2,0,0,0,0,2,0,0
421221,0,0,0,0,0,0,0,0,0,0,0,0,0,0,0,0,0,0,0,0
421250,0,0,0,1,0,2,0,0,1,0,0,0,0,0,0,0,0,0,0,0
421287,0,0,0,0,0,0,0,0,0,0,0,0,1,0,0,0,0,0,0,0
421325,0,0,0,0,0,0,0,0,1,0,0,0,0,0,0,0,0,0,0,0
421353,0,0,0,0,0,0,0,0,0,0,0,0,2,0,0,0,0,2,0,0
421381,0,0,0,1,0,2,0,0,1,0,0,0,1,0,0,0,0,0,0,0
421419,0,0,0,0,0,0,0,0,0,0,0,0,0,0,0,0,0,0,0,0
421478,0,0,0,0,0,0,0,0,0,0,0,0,1,0,0,0,0,0,0,0
421513,0,0,0,1,0,2,0,0,1,0,0,0,0,0,0,0,0,0,0,0
421533,0,0,0,1,0,0,0,0,1,0,0,0,1,0,0,0,0,0,0,0
433549,0,0,0,1,0,0,0,0,0,0,0,0,0,0,0,0,0,0,0,0
433623,0,0,0,1,0,0,0,0,0,0,0,0,0,0,0,0,0,0,0,0
433657,0,0,0,1,0,0,1,0,1,0,0,0,1,0,1,0,0,0,0,0
433731,0,0,0,1,0,0,0,0,0,0,0,0,1,0,0,0,0,0,0,0
433791,0,0,0,1,0,0,1,0,1,0,0,0,1,0,1,0,0,0,0,0
433867,0,0,0,1,0,0,0,0,0,0,0,0,1,0,0,0,0,0,0,0
433964,0,0,0,1,0,0,0,0,0,0,0,0,1,0,0,0,0,0,0,0
434034,0,0,0,1,0,0,0,0,0,0,0,0,1,0,0,0,0,0,0,0
434116,0,0,0,0,0,0,0,0,0,0,0,0,2,0,0,0,0,0,0,0
434190,0,0,0,1,0,0,1,0,1,0,0,0,1,0,1,0,0,0,0,0
434382,0,0,0,1,0,0,0,0,0,0,0,0,1,0,0,0,0,0,0,0
434388,0,0,0,1,0,0,0,0,0,0,0,0,0,0,0,0,0,0,0,0
434465,0,0,0,1,0,0,0,0,0,0,0,0,1,0,0,0,0,0,0,0
435498,0,0,0,1,0,0,0,0,1,0,0,0,1,0,0,0,0,0,0,1
435670,0,0,0,0,0,0,0,0,0,0,0,0,0,0,0,0,0,0,0,0
435676,0,0,0,1,0,0,0,0,1,0,0,0,0,0,0,0,0,0,0,0
435750,0,0,0,1,0,0,0,0,0,0,0,0,1,0,0,0,0,0,0,0
435833,0,0,0,1,0,0,1,0,1,0,0,0,1,0,1,0,0,0,0,0
1070361,0,0,0,0,0,0,0,0,0,0,0,0,0,0,0,0,0,0,0,0
1070743,0,0,0,0,0,0,0,0,0,0,0,0,0,0,0,0,0,0,0,0
1070805,0,0,0,1,0,0,0,0,1,0,0,0,0,0,0,0,0,0,0,0
1072280,0,0,0,1,0,0,0,0,1,0,0,0,0,0,0,0,0,0,0,0
1072281,0,0,0,0,0,0,0,0,0,0,0,0,0,0,0,0,0,0,0,0
1073532,0,0,0,1,0,0,0,0,1,0,0,0,0,0,0,0,0,0,0,0
1074427,0,0,0,1,0,0,0,0,1,0,0,0,0,0,0,0,0,0,0,0
1096218,0,0,0,1,0,0,0,0,0,0,0,0,1,0,0,0,0,0,0,0
1394314,0,0,0,1,0,0,0,0,1,0,0,0,0,0,0,0,0,0,0,0
10434492,0,0,0,1,0,0,1,0,1,0,0,0,0,0,1,2,0,0,0,0
10589409,0,0,0,1,0,0,0,0,0,0,0,0,1,0,0,0,0,0,0,0
11865769,0,0,0,0,0,0,0,0,0,0,0,0,0,0,0,0,0,0,0,0
11868888,0,0,0,1,0,0,0,0,1,0,0,0,0,0,0,0,0,0,0,1
11868897,0,0,0,1,0,2,0,0,1,0,0,0,2,0,0,0,0,2,0,0
11868898,0,0,0,1,0,0,0,0,0,0,0,0,0,0,0,0,0,1,0,0
11868899,0,0,0,0,0,0,0,0,0,0,0,0,0,0,0,0,0,0,0,0
11868900,0,0,0,0,0,0,0,0,0,0,0,0,0,0,0,0,0,0,0,0
11868901,0,0,0,0,0,0,0,0,0,0,0,0,0,0,0,0,0,0,0,0
11868902,0,0,0,0,0,0,0,0,0,0,0,0,2,0,0,0,0,0,0,0
11868903,0,0,0,1,0,0,0,0,1,0,0,0,0,0,0,0,0,0,0,1
11868904,0,0,0,1,0,0,0,0,0,0,0,0,0,0,0,0,0,0,0,0
11868905,0,0,0,0,0,0,0,0,0,0,0,0,0,0,0,0,0,0,0,0
11868906,0,0,0,0,0,2,0,0,0,0,0,0,2,0,0,0,0,2,0,0
11868907,0,0,0,0,0,0,0,0,1,0,0,0,0,0,0,0,0,0,0,1
11868908,0,0,0,0,0,0,0,0,0,0,0,0,0,0,0,0,0,0,0,0
11868909,0,0,0,0,0,0,0,0,0,0,0,0,2,0,0,0,0,0,0,0
11868910,0,0,0,0,0,0,0,0,0,0,0,0,2,0,0,0,0,0,0,0
11868911,0,0,0,1,0,0,0,0,1,0,0,0,0,0,0,0,0,0,0,1
11868912,0,0,0,1,0,0,0,0,1,0,0,0,0,0,0,0,0,0,0,0
11868913,0,0,0,1,0,0,0,0,0,0,0,0,0,0,0,0,0,0,0,0
11868914,0,0,0,0,0,2,0,0,0,0,0,0,2,0,0,0,0,2,0,0
11868915,0,0,0,0,0,2,0,0,0,0,0,0,2,0,0,0,0,2,0,0
11868916,0,0,0,1,0,0,0,0,0,0,0,0,0,0,0,0,0,0,0,0
11868917,0,0,0,0,0,0,0,0,0,0,0,0,2,0,0,0,0,0,0,0
11868918,0,0,0,0,0,0,0,0,0,0,0,0,2,0,0,0,0,0,0,0
11868919,0,0,0,0,0,0,0,0,0,0,0,0,2,0,0,0,0,0,0,0
11868920,0,0,0,0,0,0,0,0,0,0,0,0,0,0,0,0,0,0,0,0
11868921,0,0,0,1,0,0,0,0,0,0,0,0,0,0,0,0,0,0,0,0
11868922,0,0,0,1,0,0,0,0,0,0,0,0,0,0,0,0,0,0,0,0
11868923,0,0,0,0,0,0,0,0,0,0,0,0,0,0,0,0,0,0,0,0
11868924,0,0,0,1,0,2,0,0,1,0,0,0,2,0,0,0,0,2,0,0
11868925,0,0,0,1,0,0,0,0,1,0,0,0,0,0,0,0,0,0,0,1
11868926,0,0,0,0,0,0,0,0,0,0,0,0,0,0,0,0,0,0,0,0
11868927,0,0,0,0,0,0,0,0,0,0,0,0,2,0,0,0,0,0,0,0
11868928,0,0,0,1,0,0,0,0,1,0,0,0,0,0,0,0,0,0,0,1
11868929,0,0,0,0,0,0,0,0,0,0,0,0,0,0,0,0,0,0,0,0
11868930,0,0,0,0,0,0,0,0,0,0,0,0,2,0,0,0,0,0,0,0
11868931,0,0,0,1,0,0,0,0,1,0,0,0,0,0,0,0,0,0,0,1
11868932,0,0,0,0,0,0,0,0,1,0,0,0,0,0,0,0,0,0,0,0
11868933,0,0,0,1,0,0,0,0,0,0,0,0,0,0,0,0,0,0,0,0
11868934,0,0,0,0,0,0,0,0,0,0,0,0,0,0,0,0,0,0,0,0
11868935,0,0,0,0,0,0,0,0,0,0,0,0,2,0,0,0,0,0,0,0
11868936,0,0,0,1,0,0,0,0,1,0,0,0,0,0,0,0,0,0,0,1
11868937,0,0,0,0,0,0,0,0,0,0,0,0,2,0,0,0,0,0,0,0
11868938,0,0,0,1,0,0,0,0,0,0,0,0,0,0,0,0,0,0,0,0
11868939,0,0,0,0,0,0,0,0,0,0,0,0,0,0,0,0,0,0,0,0
11868940,0,0,0,0,0,0,0,0,0,0,0,0,0,0,0,0,0,0,0,0
11868941,0,0,0,0,0,2,0,0,0,0,0,0,2,0,0,0,0,2,0,0
11868942,0,0,0,0,0,0,0,0,0,0,0,0,2,0,0,0,0,0,0,0
11868943,0,0,0,0,0,2,0,0,0,0,0,0,2,0,0,0,0,2,0,0
11868944,0,0,0,0,0,0,0,0,0,0,0,0,2,0,0,0,0,0,0,0
11868945,0,0,0,0,0,0,0,0,0,0,0,0,0,0,0,0,0,0,0,0
11868946,0,0,0,1,0,0,0,0,0,0,0,0,0,0,0,0,0,0,0,0
11868947,0,0,0,0,0,0,0,0,0,0,0,0,0,0,0,0,0,0,0,0
11868948,0,0,0,0,0,0,0,0,0,0,0,0,0,0,0,0,0,0,0,0
11868949,0,0,0,0,0,0,0,0,1,0,0,0,0,0,0,0,0,0,0,0
11868950,0,0,0,1,0,0,0,0,0,0,0,0,0,0,0,0,0,0,0,0
11868951,0,0,0,1,0,0,0,0,0,0,0,0,0,0,0,0,0,0,0,0
11868952,0,0,0,1,0,0,0,0,1,0,0,0,0,0,0,0,0,2,0,1
11868953,0,0,0,1,0,0,0,0,0,0,0,0,0,0,0,0,0,0,0,0
11868954,0,0,0,0,0,0,0,0,0,0,0,0,2,0,0,0,0,0,0,0
11868955,0,0,0,1,0,0,0,0,0,0,0,0,2,0,0,0,0,0,0,0
11868956,0,0,0,1,0,0,0,0,1,0,0,0,0,0,0,0,0,0,0,1
11868957,0,0,0,0,0,2,0,0,0,0,0,0,2,0,0,0,0,2,0,0
11868958,0,0,0,1,0,0,0,0,0,0,0,0,0,0,0,0,0,0,0,0
11868959,0,0,0,1,0,0,0,0,0,0,0,0,0,0,0,0,0,0,0,0
11868960,0,0,0,0,0,0,0,0,0,0,0,0,2,0,0,0,0,0,0,0
11868961,0,0,0,0,0,0,0,0,0,0,0,0,0,0,0,0,0,0,0,0
11868962,0,0,0,0,0,0,0,0,0,0,0,0,2,0,0,0,0,0,0,0
11868963,0,0,0,0,0,2,0,0,0,0,0,0,2,0,0,0,0,2,0,0
11868964,0,0,0,0,0,2,0,0,0,0,0,0,2,0,0,0,0,2,0,0
11868965,0,0,0,0,0,0,0,0,0,0,0,0,0,0,0,0,0,0,0,0
11868966,0,0,0,1,0,0,0,0,1,0,0,0,0,0,0,0,0,0,0,1
11868967,0,0,0,0,0,0,0,0,0,0,0,0,2,0,0,0,0,0,0,0
11868968,0,0,0,0,0,0,0,0,0,0,0,0,0,0,0,0,0,0,0,0
11868969,0,0,0,1,0,0,0,0,0,0,0,0,0,0,0,0,0,0,0,0
11868970,0,0,0,1,0,0,0,0,1,0,0,0,0,0,0,0,0,0,0,0
11868971,0,0,0,1,0,0,0,0,1,0,0,0,0,0,0,0,0,0,0,1
11868972,0,0,0,0,0,0,0,0,0,0,0,0,0,0,0,0,0,0,0,0
11868973,0,0,0,1,0,2,0,0,1,0,0,0,2,0,0,0,0,2,0,0
11868974,0,0,0,0,0,0,0,0,0,0,0,0,2,0,0,0,0,0,0,0
11868975,0,0,0,0,0,0,0,0,0,0,0,0,0,0,0,0,0,0,0,0
11868976,0,0,0,1,0,0,0,0,1,0,0,0,0,0,0,0,0,0,0,1
11868977,0,0,0,1,0,0,0,0,0,0,0,0,0,0,0,0,0,0,0,0
11868978,0,0,0,0,0,0,0,0,0,0,0,0,2,0,0,0,0,0,0,0
11868979,0,0,0,0,0,0,0,0,0,0,0,0,0,0,0,0,0,0,0,0
11868980,0,0,0,1,0,0,0,0,1,0,0,0,0,0,0,0,0,0,0,1
11868981,0,0,0,0,0,0,0,0,0,0,0,0,0,0,0,0,0,0,0,0
11868982,0,0,0,0,0,0,0,0,0,0,0,0,2,0,0,0,0,0,0,0
11868983,0,0,0,0,0,0,0,0,0,0,0,0,0,0,0,0,0,0,0,0
11868984,0,0,0,0,0,2,0,0,0,0,0,0,2,0,0,0,0,2,0,0
11868985,0,0,0,0,0,2,0,0,0,0,0,0,2,0,0,0,0,2,0,0
11868986,0,0,0,1,0,0,0,0,0,0,0,0,0,0,0,0,0,0,0,0
11868987,0,0,0,0,0,0,0,0,0,0,0,0,0,0,0,0,0,0,0,0
11868988,0,0,0,1,0,0,0,0,0,0,0,0,0,0,0,0,0,0,0,0
11868989,0,0,0,1,0,0,0,0,1,0,0,0,0,0,0,0,0,0,0,1
11868990,0,0,0,1,0,0,0,0,1,0,0,0,0,0,0,0,0,0,0,1
11868991,0,0,0,1,0,0,0,0,1,0,0,0,0,0,0,0,0,0,0,0
11868992,0,0,0,0,0,0,0,0,0,0,0,0,0,0,0,0,0,0,0,0
11868993,0,0,0,1,0,2,0,0,1,0,0,0,0,0,1,0,0,0,0,0
11868994,0,0,0,0,0,0,0,0,0,0,0,0,2,0,0,0,0,0,0,0
11868995,0,0,0,0,0,0,0,0,0,0,0,0,2,0,0,0,0,0,0,0
11868996,0,0,0,0,0,0,0,0,0,0,0,0,2,0,0,0,0,0,0,0
11871780,0,0,0,1,0,0,0,0,1,0,0,0,0,0,0,0,0,0,0,1
11871782,0,0,0,0,0,0,0,0,0,0,0,0,2,0,0,0,0,0,0,0
11871820,0,0,0,1,0,0,0,0,0,0,0,0,1,0,0,0,0,0,0,0
11871821,0,0,0,0,0,0,0,0,0,0,0,0,0,0,0,0,0,0,0,0
11871822,0,0,0,1,0,0,0,0,1,0,0,0,0,0,0,0,0,0,0,1
11871823,0,0,0,0,0,2,0,0,0,0,0,0,2,0,0,0,0,2,0,0
11871824,0,0,0,0,0,0,0,0,0,0,0,0,2,0,0,0,0,0,0,0
11871825,0,0,0,0,0,2,0,0,0,0,0,0,2,0,0,0,0,2,0,0
11871826,0,0,0,0,0,0,0,0,1,0,0,0,0,0,0,0,0,0,0,0
11871827,0,0,0,0,0,0,0,0,0,0,0,0,2,0,0,0,0,0,0,0
11871828,0,0,0,1,0,0,0,0,0,0,0,0,1,0,0,0,0,0,0,0
11871829,0,0,0,0,0,0,0,0,0,0,0,0,2,0,0,0,0,0,0,0
11871830,0,0,0,0,0,0,0,0,0,0,0,0,0,0,0,0,0,0,0,0
11871831,0,0,0,1,0,0,0,0,1,0,0,0,0,0,0,0,0,0,0,0
11871832,0,0,0,1,0,0,0,0,1,0,0,0,0,0,0,0,0,0,0,0
11871833,0,0,0,0,0,0,0,0,0,0,0,0,0,0,0,0,0,0,0,0
11871834,0,0,0,0,0,0,0,0,1,0,0,0,0,0,0,0,0,1,0,0
11871835,0,0,0,1,0,0,0,0,1,0,0,0,0,0,0,0,0,0,0,1
11871836,0,0,0,0,0,0,0,0,0,0,0,0,2,0,0,0,0,0,0,0
11871837,0,0,0,1,0,0,0,0,0,0,0,0,0,0,0,0,0,0,0,0
11871838,0,0,0,0,0,0,0,0,0,0,0,0,0,0,0,0,0,0,0,0
11871839,0,0,0,1,0,0,0,0,1,0,0,0,0,0,0,0,0,0,0,0
11871840,0,0,0,0,0,0,0,0,0,0,0,0,2,0,0,0,0,0,0,0
11871841,0,0,0,1,0,0,0,0,0,0,0,0,1,0,0,0,0,0,0,0
11871842,0,0,0,0,0,0,0,0,0,0,0,0,2,0,0,0,0,0,0,0
11871843,0,0,0,0,0,2,0,0,0,0,0,0,2,0,0,0,0,2,0,0
11871844,0,0,0,1,0,0,0,0,1,0,0,0,0,0,0,0,0,0,0,0
11871845,0,0,0,0,0,0,0,0,0,0,0,0,0,0,0,0,0,0,0,0
11871846,0,0,0,0,0,0,0,0,0,0,0,0,1,0,0,0,0,1,0,0
11871847,0,0,0,1,0,0,0,0,1,0,0,0,0,0,0,0,0,0,0,0
11871848,0,0,0,1,0,0,0,0,0,0,0,0,0,0,0,0,0,0,0,0
11871849,0,0,0,0,0,0,0,0,1,0,0,0,0,0,0,0,0,0,0,0
11871850,0,0,0,0,0,2,0,0,0,0,0,0,2,0,0,0,0,2,0,0
11871851,0,0,0,0,0,0,0,0,0,0,0,0,0,0,0,0,0,0,0,0
11871852,0,0,0,0,0,0,0,0,0,0,0,0,0,0,0,0,0,1,0,0
11871853,0,0,0,1,0,0,0,0,1,0,0,0,0,0,0,0,0,0,0,1
11871854,0,0,0,1,0,0,0,0,1,0,0,0,0,0,0,0,0,2,0,1
11871855,0,0,0,0,0,0,0,0,0,0,0,0,0,0,0,0,0,0,0,0
11871856,0,0,0,1,0,0,0,0,1,0,0,0,0,0,0,0,0,0,0,0
11871857,0,0,0,0,0,0,0,0,0,0,0,0,0,0,0,0,0,0,0,0
11871858,0,0,0,0,0,0,0,0,1,0,0,0,0,0,0,0,0,0,0,0
11871859,0,0,0,0,0,0,0,0,0,0,0,0,2,0,0,0,0,0,0,0
11871860,0,0,0,1,0,0,0,0,0,0,0,0,0,0,0,0,0,0,0,0
11871861,0,0,0,1,0,0,0,0,1,0,0,0,0,0,0,0,0,0,0,0
11871862,0,0,0,1,0,0,0,0,0,0,0,0,0,0,0,0,0,0,0,0
11871863,0,0,0,1,0,0,0,0,1,0,0,0,0,0,0,0,0,0,0,0
11871864,0,0,0,0,0,2,0,0,0,0,0,0,2,0,0,0,0,2,0,0
11871865,0,0,0,0,0,0,0,0,0,0,0,0,0,0,0,0,0,0,0,0
11871866,0,0,0,0,0,2,0,0,0,0,0,0,2,0,0,0,0,2,0,0
11871867,0,0,0,1,0,0,0,0,0,0,0,0,0,0,0,0,0,0,0,0
11871868,0,0,0,0,0,0,0,0,1,0,0,0,1,0,0,0,0,0,0,0
11871869,0,0,0,0,0,0,0,0,0,0,0,0,0,0,0,0,0,0,0,0
11871870,0,0,0,1,0,0,0,0,1,0,0,0,0,0,0,0,0,2,0,1
11871871,0,0,0,1,0,0,0,0,1,0,0,0,0,0,0,0,0,0,0,1
11871872,0,0,0,1,0,0,0,0,0,0,0,0,0,0,0,0,0,0,0,0
11871873,0,0,0,1,0,0,0,0,0,0,0,0,0,0,0,0,0,0,0,0
11871874,0,0,0,0,0,0,0,0,1,0,0,0,0,0,0,0,0,0,0,0
11871875,0,0,0,0,0,0,0,0,1,0,0,0,0,0,0,0,0,0,0,0
11871876,0,0,0,1,0,0,0,0,0,0,0,0,0,0,0,0,0,0,0,0
11871877,0,0,0,1,0,0,0,0,0,0,0,0,1,0,0,0,0,0,0,0
11871878,0,0,0,1,0,0,0,0,1,0,0,0,0,0,0,0,0,0,0,0
11871879,0,0,0,1,0,0,0,0,1,0,0,0,0,0,0,0,0,0,0,0
11871880,0,0,0,1,0,0,0,0,0,0,0,0,1,0,0,0,0,0,0,0
11871881,0,0,0,1,0,0,0,0,1,0,0,0,0,0,0,0,0,0,0,0
11871882,0,0,0,0,0,2,0,0,0,0,0,0,2,0,0,0,0,2,0,0
11871883,0,0,0,0,0,0,0,0,0,0,0,0,0,0,0,0,0,0,0,0
11871884,0,0,0,0,0,0,0,0,0,0,0,0,2,0,0,0,0,0,0,0
11871885,0,0,0,1,0,0,0,0,1,0,0,0,0,0,0,0,0,0,0,1
11871886,0,0,0,0,0,0,0,0,0,0,0,0,0,0,0,0,0,0,0,0
11871887,0,0,0,1,0,0,0,0,1,0,0,0,0,0,0,0,0,2,0,1
11871888,0,0,0,1,0,0,0,0,0,0,0,0,2,0,0,0,0,2,0,0
11871889,0,0,0,1,0,0,0,0,0,0,0,0,0,0,0,0,0,0,0,0
11871890,0,0,0,0,0,0,0,0,0,0,0,0,0,0,0,0,0,0,0,0
11871891,0,0,0,0,0,2,0,0,0,0,0,0,1,0,0,0,0,0,0,0
11878775,0,0,0,0,0,0,0,0,0,0,0,0,2,0,0,0,0,0,0,0
11879614,0,0,0,1,0,0,0,0,0,0,0,0,0,0,0,0,0,0,0,0
11879724,0,0,0,1,0,0,0,0,0,0,0,0,0,0,0,0,0,0,0,0
11879725,0,0,0,1,0,0,0,0,0,0,0,0,2,0,0,0,0,2,0,0
11879726,0,0,0,0,0,0,0,0,0,0,0,0,2,0,0,0,0,0,0,0
11879727,0,0,0,0,0,0,0,0,0,0,0,0,2,0,0,0,0,0,0,0
11879728,0,0,0,0,0,0,0,0,0,0,0,0,2,0,0,0,0,0,0,0
11879729,0,0,0,0,0,0,0,0,0,0,0,0,2,0,0,0,0,0,0,0
11879730,0,0,0,1,0,0,0,0,0,0,0,0,0,0,0,0,0,0,0,0
11879731,0,0,0,0,0,0,0,0,0,0,0,0,2,0,0,0,0,0,0,0
11879732,0,0,0,0,0,0,0,0,0,0,0,0,2,0,0,0,0,0,0,0
11879733,0,0,0,0,0,0,0,0,0,0,0,0,2,0,0,0,0,0,0,0
11879734,0,0,0,0,0,0,0,0,0,0,0,0,2,0,0,0,0,0,0,0
11879735,0,0,0,0,0,0,0,0,0,0,0,0,2,0,0,0,0,2,0,0
11879736,0,0,0,0,0,0,0,0,0,0,0,0,2,0,0,0,0,0,0,0
11879737,0,0,0,0,0,0,0,0,0,0,0,0,2,0,0,0,0,0,0,0
11879738,0,0,0,0,0,0,0,0,0,0,0,0,2,0,0,0,0,0,0,0
11879739,0,0,0,0,0,0,0,0,0,0,0,0,2,0,0,0,0,0,0,0
11879740,0,0,0,1,0,0,0,0,0,0,0,0,2,0,0,0,0,2,0,0
11879741,0,0,0,0,0,2,0,0,0,0,0,0,2,0,0,0,0,2,0,0
11888539,0,0,0,1,0,0,0,0,0,0,0,0,0,0,0,0,0,0,0,0
11888540,0,0,0,0,0,2,0,0,0,0,0,0,1,0,0,0,0,1,0,0
11888541,0,0,0,0,0,0,0,0,1,0,0,0,0,0,0,0,0,0,0,0
11888542,0,0,0,1,0,0,0,0,1,0,0,0,0,0,0,0,0,0,0,0
11888543,0,0,0,0,0,0,0,0,0,0,0,0,0,0,0,0,0,0,0,0
11888544,0,0,0,0,0,0,0,0,0,0,0,0,0,0,0,0,0,0,0,0
11888545,0,0,0,1,0,0,0,0,1,0,0,0,0,0,0,0,0,0,0,0
11888546,0,0,0,0,0,0,0,0,0,0,0,0,0,0,0,0,0,0,0,0
12029089,0,0,0,1,0,0,0,0,1,0,0,0,0,0,0,0,0,0,0,0
16822953,0,0,0,0,0,1,0,0,0,0,0,0,1,0,0,0,0,1,0,1
16823226,0,0,1,1,0,1,0,0,1,0,0,0,0,0,0,0,0,0,0,1
16823566,0,0,0,0,0,1,0,0,0,0,0,0,1,0,0,0,0,0,0,0
16823567,0,0,0,1,0,1,0,0,0,0,0,0,1,0,0,0,0,2,0,0
16823657,0,0,0,0,0,1,0,0,0,0,0,0,1,0,0,0,0,1,0,0
16823682,0,0,0,1,0,1,0,0,1,0,0,0,1,0,0,0,0,1,0,0
17090436,0,0,0,1,0,1,0,0,1,0,0,0,1,0,0,2,0,1,0,0
17090459,0,0,0,0,0,0,0,0,0,0,0,0,0,0,0,0,0,1,0,0
17090973,0,0,0,0,0,0,0,0,1,0,0,0,0,0,0,1,0,0,0,0
17091025,0,0,0,1,0,1,0,0,1,0,0,0,1,0,0,2,0,1,0,0
17102486,0,0,0,0,0,1,0,0,0,0,0,0,1,0,0,0,0,1,0,0
17102497,0,0,0,0,0,1,0,0,1,0,0,0,0,0,0,0,0,1,0,1
17196743,0,0,0,0,0,1,0,0,1,0,0,0,1,0,0,2,0,1,0,1
17196842,0,0,1,0,0,1,0,0,1,0,0,0,2,0,0,0,0,2,0,1
17196847,0,0,0,0,0,0,0,0,0,0,0,0,0,0,0,0,0,0,0,0
17217929,0,0,1,1,0,1,0,0,1,0,0,0,0,0,0,0,0,0,0,1
17395056,0,0,1,0,0,1,0,0,0,0,0,0,0,0,0,0,0,2,0,1
17395064,0,0,1,1,0,1,0,0,1,0,0,0,0,0,0,0,0,2,0,1
17395068,0,0,1,1,0,1,0,0,1,0,0,0,0,0,0,0,0,2,0,1
17520369,0,0,1,0,0,1,0,0,1,0,0,0,0,0,0,0,0,1,0,1
18155164,0,0,1,1,0,1,0,0,1,0,0,0,0,0,0,0,0,0,0,1
18177517,0,0,0,1,0,1,0,0,1,0,0,0,0,0,0,0,0,0,0,0
18177579,0,0,0,1,0,1,0,0,1,0,0,0,0,0,0,0,0,0,0,0
18177580,0,0,0,0,0,0,0,0,0,0,0,0,0,0,0,0,0,0,0,0
18177581,0,0,0,0,0,1,0,0,1,0,0,0,0,0,0,2,0,1,0,0
18177582,0,0,0,1,0,1,0,0,1,0,0,0,0,0,0,0,0,0,0,0
18177583,0,0,0,1,0,1,0,0,1,0,0,0,0,0,0,0,0,0,0,0
18177584,0,0,1,1,0,1,0,0,1,0,0,0,0,0,0,0,0,0,0,1
18177585,0,0,0,1,0,1,0,0,1,0,0,0,0,0,0,2,0,1,0,1
18177586,0,0,0,1,0,1,0,0,0,0,0,0,1,0,0,0,0,1,0,0
18177587,0,0,0,0,0,1,0,0,0,0,0,0,1,0,0,0,0,1,0,0
18177588,0,0,0,0,0,0,0,0,0,0,0,0,0,0,0,0,0,0,0,0
18177589,0,0,0,0,0,0,0,0,0,0,0,0,0,0,0,0,0,0,0,0
18177590,0,0,0,0,0,0,0,0,1,0,0,0,0,0,0,1,0,0,0,0
18177591,0,0,0,1,0,1,0,0,1,0,0,0,0,0,0,0,0,0,0,0
18177592,0,0,1,1,0,1,0,0,1,0,0,0,0,0,0,0,0,0,0,1
18177593,0,0,0,1,0,1,0,0,0,0,0,0,1,0,0,0,0,1,0,0
18177594,0,0,0,1,0,1,0,0,1,0,0,0,0,0,0,2,0,1,0,1
18177595,0,0,0,1,0,1,0,0,1,0,0,0,0,0,0,0,0,0,0,0
18177596,0,0,0,1,0,1,0,0,1,0,0,0,0,0,0,0,0,0,0,0
18177597,0,0,0,0,0,1,0,0,1,0,0,0,0,0,0,0,0,1,0,0
18177598,0,0,0,0,0,0,0,0,1,0,0,0,0,0,0,0,0,0,0,0
18177599,0,0,0,1,0,1,0,0,1,0,0,0,0,0,0,0,0,0,0,0
18177600,0,0,1,1,0,1,0,0,1,0,0,0,0,0,0,0,0,0,0,1
18177601,0,0,1,0,0,1,0,0,1,0,0,0,2,0,0,0,0,2,0,1
18177602,0,0,0,1,0,1,0,0,1,0,0,0,0,0,0,2,0,1,0,1
18177603,0,0,0,0,0,1,0,0,1,0,0,0,1,0,0,2,0,1,0,1
18177604,0,0,0,1,0,1,0,0,1,0,0,0,0,0,0,0,0,0,0,0
18177605,0,0,0,1,0,1,0,0,1,0,0,0,0,0,0,1,0,0,0,0
18177606,0,0,0,0,0,0,0,0,0,0,0,0,0,0,0,0,0,0,0,0
18177607,0,0,0,1,0,1,0,0,1,0,0,0,0,0,0,0,0,0,0,0
18177608,0,0,1,1,0,1,0,0,1,0,0,0,0,0,0,0,0,0,0,1
18177609,0,0,0,1,0,1,0,0,1,0,0,0,0,0,0,2,0,1,0,1
18177610,0,0,0,1,0,1,0,0,0,0,0,0,0,0,0,0,0,1,0,0
18177611,0,0,0,0,0,0,0,0,1,0,0,0,0,0,0,1,0,0,0,0
18177612,0,0,0,0,0,0,0,0,0,0,0,0,0,0,0,0,0,0,0,0
18177613,0,0,0,1,0,1,0,0,1,0,0,0,0,0,0,0,0,0,0,0
18177614,0,0,0,0,0,1,0,0,0,0,0,0,1,0,0,0,0,1,0,0
18177615,0,0,0,1,0,1,0,0,1,0,0,0,0,0,0,0,0,0,0,0
18177616,0,0,1,1,0,1,0,0,1,0,0,0,0,0,0,0,0,0,0,1
18177617,0,0,0,1,0,1,0,0,0,0,0,0,1,0,0,0,0,2,0,0
18177618,0,0,0,1,0,1,0,0,1,0,0,0,0,0,0,0,0,1,0,1
18177619,0,0,0,1,0,1,0,0,1,0,0,0,0,0,0,0,0,0,0,0
18177620,0,0,0,1,0,1,0,0,1,0,0,0,0,0,0,0,0,0,0,0
18177621,0,0,0,0,0,1,0,0,1,0,0,0,1,0,0,2,0,1,0,1
18177622,0,0,0,0,0,1,0,0,1,0,0,0,0,0,0,2,0,1,0,0
18177623,0,0,0,0,0,1,0,0,1,0,0,0,0,0,0,0,0,1,0,0
18177624,0,0,1,1,0,1,0,0,1,0,0,0,0,0,0,0,0,0,0,1
18177625,0,0,0,1,0,1,0,0,1,0,0,0,0,0,0,2,0,1,0,1
18177626,0,0,0,1,0,1,0,0,0,0,0,0,1,0,0,0,0,2,0,0
18177627,0,0,0,0,0,1,0,0,0,0,0,0,1,0,0,0,0,1,0,0
18177628,0,0,0,1,0,1,0,0,1,0,0,0,0,0,0,0,0,0,0,0
18177629,0,0,0,1,0,1,0,0,1,0,0,0,0,0,0,0,0,0,0,0
18177630,0,0,0,0,0,0,0,0,1,0,0,0,0,0,0,1,0,0,0,0
18177631,0,0,0,0,0,0,0,0,0,0,0,0,0,0,0,0,0,0,0,0
18177632,0,0,0,1,0,1,0,0,1,0,0,0,0,0,0,0,0,0,0,0
18177633,0,0,1,1,0,1,0,0,1,0,0,0,0,0,0,0,0,0,0,1
18177634,0,0,1,0,0,1,0,0,1,0,0,0,0,0,0,0,0,2,0,1
18177635,0,0,0,1,0,1,0,0,1,0,0,0,0,0,0,0,0,0,0,0
18177636,0,0,0,0,0,1,0,0,1,0,0,0,0,0,0,2,0,1,0,0
18177637,0,0,0,1,0,1,0,0,1,0,0,0,0,0,0,0,0,0,0,0
18177638,0,0,0,1,0,1,0,0,1,0,0,0,1,0,0,2,0,1,0,1
18177639,0,0,0,1,0,1,0,0,1,0,0,0,0,0,0,1,0,0,0,0
18177640,0,0,0,0,0,0,0,0,0,0,0,0,0,0,0,0,0,0,0,0
18177641,0,0,1,1,0,1,0,0,1,0,0,0,0,0,0,0,0,0,0,1
18177642,0,0,0,1,0,1,0,0,0,0,0,0,0,0,0,0,0,1,0,0
18177643,0,0,0,0,0,0,0,0,0,0,0,0,0,0,0,0,0,0,0,0
18177644,0,0,0,1,0,1,0,0,1,0,0,0,0,0,0,0,0,0,0,0
18177645,0,0,0,0,0,1,0,0,0,0,0,0,1,0,0,0,0,1,0,0
18177646,0,0,0,1,0,1,0,0,1,0,0,0,0,0,0,1,0,0,0,0
18177647,0,0,0,1,0,1,0,0,1,0,0,0,0,0,0,0,0,0,0,0
18177648,0,0,1,1,0,1,0,0,1,0,0,0,0,0,0,0,0,0,0,1
18177649,0,0,0,0,0,1,0,0,0,0,0,0,0,0,0,0,0,1,0,0
18177650,0,0,0,1,0,1,0,0,1,0,0,0,0,0,0,2,0,1,0,1
18177651,0,0,0,1,0,1,0,0,1,0,0,0,0,0,0,0,0,0,0,0
18177652,0,0,0,1,0,1,0,0,1,0,0,0,0,0,0,0,0,0,0,0
18177653,0,0,0,0,0,1,0,0,0,0,0,0,1,0,0,0,0,1,0,0
18177654,0,0,0,0,0,0,0,0,0,0,0,0,0,0,0,0,0,0,0,0
18177655,0,0,0,0,0,1,0,0,1,0,0,0,0,0,0,0,0,1,0,0
18177656,0,0,1,1,0,1,0,0,1,0,0,0,0,0,0,0,0,0,0,1
18177657,0,0,0,1,0,1,0,0,1,0,0,0,0,0,0,2,0,1,0,1
18177658,0,0,0,1,0,1,0,0,0,0,0,0,1,0,0,0,0,2,0,0
18177659,0,0,0,1,0,1,0,0,1,0,0,0,1,0,0,2,0,1,0,1
18177660,0,0,0,1,0,1,0,0,1,0,0,0,0,0,0,0,0,0,0,0
18177661,0,0,0,1,0,1,0,0,1,0,0,0,0,0,0,2,0,0,0,0
18177662,0,0,0,1,0,1,0,0,1,0,0,0,0,0,0,2,0,0,0,0
18177663,0,0,0,0,0,0,0,0,0,0,0,0,0,0,0,0,0,0,0,0
18177664,0,0,1,1,0,1,0,0,1,0,0,0,0,0,0,0,0,0,0,1
18177665,0,0,0,1,0,1,0,0,0,0,0,0,1,0,0,0,0,2,0,0
18177666,0,0,0,1,0,1,0,0,1,0,0,0,0,0,0,2,0,1,0,1
18177667,0,0,0,0,0,1,0,0,1,0,0,0,1,0,0,2,0,1,0,1
18177668,0,0,0,0,0,0,0,0,0,0,0,0,0,0,0,0,0,0,0,0
18177669,0,0,0,0,0,0,0,0,0,0,0,0,0,0,0,0,0,0,0,0
18177670,0,0,0,1,0,1,0,0,1,0,0,0,0,0,0,0,0,0,0,0
18177671,0,0,1,1,0,1,0,0,1,0,0,0,0,0,0,0,0,0,0,1
18177672,0,0,0,1,0,1,0,0,1,0,0,0,0,0,0,2,0,1,0,1
18177673,0,0,0,1,0,1,0,0,0,0,0,0,1,0,0,0,0,1,0,0
18177674,0,0,0,1,0,1,0,0,1,0,0,0,0,0,0,2,0,0,0,0
18209400,0,0,1,0,0,1,0,0,1,0,0,0,1,0,0,0,0,0,0,1
18342018,0,0,0,0,0,0,0,0,1,0,0,0,0,0,0,0,0,0,0,0
18525615,0,0,1,0,0,1,0,0,1,0,0,0,1,0,0,0,0,0,0,1
18835238,0,0,1,1,0,1,0,0,1,0,0,0,0,0,0,0,0,0,0,1
18835239,0,0,1,1,0,1,0,0,1,0,0,0,0,0,0,0,0,0,0,1
18835240,0,0,1,1,0,1,0,0,1,0,0,0,0,0,0,0,0,0,0,1
18835241,0,0,1,1,0,1,0,0,1,0,0,0,0,0,0,0,0,0,0,1
18835242,0,0,1,1,0,1,0,0,1,0,0,0,0,0,0,0,0,0,0,1
18835243,0,0,1,1,0,1,0,0,1,0,0,0,0,0,0,0,0,0,0,1
18835244,0,0,1,1,0,1,0,0,1,0,0,0,0,0,0,0,0,0,0,1
18835245,0,0,1,1,0,1,0,0,1,0,0,0,0,0,0,0,0,0,0,1
18835246,0,0,1,1,0,1,0,0,1,0,0,0,0,0,0,0,0,0,0,1
18835247,0,0,1,1,0,1,0,0,1,0,0,0,0,0,0,0,0,0,0,1
18835248,0,0,1,1,0,1,0,0,1,0,0,0,0,0,0,0,0,0,0,1
18835249,0,0,1,1,0,1,0,0,1,0,0,0,0,0,0,0,0,0,0,1
18835250,0,0,1,1,0,1,0,0,1,0,0,0,0,0,0,0,0,0,0,1
18835252,0,0,1,1,0,1,0,0,1,0,0,0,0,0,0,0,0,0,0,1
18835253,0,0,1,1,0,1,0,0,1,0,0,0,0,0,0,0,0,0,0,1
18835254,0,0,1,1,0,1,0,0,1,0,0,0,0,0,0,0,0,0,0,1
18835255,0,0,1,1,0,1,0,0,1,0,0,0,0,0,0,0,0,0,0,1
18835256,0,0,1,1,0,1,0,0,1,0,0,0,0,0,0,0,0,0,0,1
18835257,0,0,1,1,0,1,0,0,1,0,0,0,0,0,0,0,0,0,0,1
18835258,0,0,1,1,0,1,0,0,1,0,0,0,0,0,0,0,0,0,0,1
18835259,0,0,1,1,0,1,0,0,1,0,0,0,0,0,0,0,0,0,0,1
18835260,0,0,1,1,0,1,0,0,1,0,0,0,0,0,0,0,0,0,0,1
18835261,0,0,1,1,0,1,0,0,1,0,0,0,0,0,0,0,0,0,0,1
18835262,0,0,1,1,0,1,0,0,1,0,0,0,0,0,0,0,0,0,0,1
18835263,0,0,1,1,0,1,0,0,1,0,0,0,0,0,0,0,0,0,0,1
18835264,0,0,1,1,0,1,0,0,1,0,0,0,0,0,0,0,0,0,0,1
18835265,0,0,1,1,0,1,0,0,1,0,0,0,0,0,0,0,0,0,0,1
18835266,0,0,1,1,0,1,0,0,1,0,0,0,0,0,0,0,0,0,0,1
18964400,0,0,0,0,0,1,0,0,0,0,0,0,1,0,0,0,0,0,0,0
18964489,0,0,0,0,0,1,0,0,1,0,0,0,0,0,0,0,0,0,0,0
19129763,0,0,0,0,0,1,0,0,0,0,0,0,1,0,0,0,0,1,0,0
19129765,0,0,1,1,0,1,0,0,1,0,0,0,0,0,0,0,0,0,0,1
19129769,0,0,1,1,0,1,0,0,1,0,0,0,1,0,0,0,0,1,0,0
19129770,0,0,1,1,0,0,1,0,1,0,0,1,0,1,1,0,1,0,0,1
19129771,1,1,1,1,0,1,1,0,1,0,1,1,1,1,1,1,1,1,0,1
19129772,1,1,0,0,0,1,0,0,0,0,1,0,1,1,0,1,0,1,0,0
19129774,1,1,0,0,1,0,0,1,0,1,1,0,0,1,0,0,0,0,1,0
19129779,0,0,0,1,0,1,0,0,1,0,0,0,1,0,0,0,0,1,0,0
19129780,0,0,1,1,0,1,0,0,1,0,0,0,1,0,0,0,0,2,0,1
19129781,0,0,1,0,0,1,0,0,1,0,0,0,1,0,0,0,0,1,0,1
19129782,0,0,1,1,0,1,1,0,1,0,0,0,1,0,0,0,0,2,0,1
19129783,0,0,1,0,0,1,0,0,0,0,0,0,1,0,0,0,0,1,0,1
19129784,0,0,0,0,0,1,0,0,0,0,0,0,1,0,0,0,0,1,0,0
19129785,0,0,0,1,0,1,0,0,1,0,0,0,0,0,0,1,0,0,0,0
19129786,0,0,0,0,0,1,0,0,0,0,0,0,0,0,0,0,0,0,0,0
19129787,0,0,0,1,0,1,0,0,0,0,0,0,0,0,0,0,0,0,0,0
19129953,0,0,0,1,0,1,0,0,1,0,0,0,1,0,0,0,0,1,0,0
19129954,0,0,0,0,0,1,0,0,1,0,0,0,1,0,0,2,0,1,0,0
19129955,0,0,1,1,0,1,0,0,0,0,0,0,1,0,0,0,0,2,0,1
19129957,0,0,0,1,0,1,0,0,1,0,0,0,1,0,0,0,0,0,0,0
19129960,1,1,0,0,0,1,0,0,0,0,1,0,1,1,0,1,0,1,0,0
19129961,0,0,1,1,0,0,1,0,1,0,0,1,0,0,1,0,1,0,0,1
19129962,1,1,1,1,0,0,0,0,1,0,1,0,0,1,0,0,0,0,0,1
19129963,0,0,0,1,0,1,0,0,1,0,0,0,1,0,0,0,0,1,0,0
19129964,0,0,0,1,0,1,0,0,1,0,0,0,1,0,0,0,0,1,0,0
19129965,0,0,0,1,0,1,0,0,1,0,0,0,1,0,0,0,0,0,0,0
19129966,0,0,0,1,0,1,0,0,0,0,0,0,1,0,0,0,0,2,0,0
19129967,0,0,0,1,0,1,0,0,1,0,0,0,1,0,0,0,0,0,0,0
19135019,0,0,1,1,0,1,0,0,1,0,0,0,0,0,0,0,0,0,0,1
19135022,0,0,1,1,0,1,0,0,1,0,0,0,0,0,0,0,0,0,0,1
19135029,1,1,0,0,1,0,0,0,0,0,1,0,0,1,0,0,0,0,0,0
19135031,1,1,1,1,0,2,1,1,1,1,1,1,2,1,1,1,1,2,1,1
19135036,0,0,0,0,0,0,0,0,0,0,0,0,0,0,0,0,0,0,0,0
19135038,1,1,0,1,0,2,0,0,1,0,1,0,2,0,0,2,1,2,0,1
19135039,0,0,1,1,0,1,0,0,1,0,0,0,0,0,0,0,0,0,0,1
19135040,0,0,1,1,0,1,0,0,1,0,0,0,0,0,0,0,0,0,0,1
19135041,0,0,1,1,0,1,0,0,1,0,0,0,0,0,0,0,0,0,0,1
19135042,0,0,1,1,0,1,0,0,1,0,0,0,0,0,0,0,0,0,0,1
19135043,0,0,1,1,0,1,0,0,1,0,0,0,0,0,0,0,0,0,0,1
19135044,0,0,1,1,0,1,0,0,1,0,0,0,0,0,0,0,0,0,0,1
19135045,0,0,1,1,0,1,0,0,1,0,0,0,0,0,0,0,0,0,0,1
19135046,0,0,1,1,0,1,0,0,1,0,0,0,0,0,0,0,0,0,0,1
19135047,0,0,1,1,0,1,0,0,1,0,0,0,0,0,0,0,0,0,0,1
19135048,0,0,1,1,0,1,0,0,1,0,0,0,0,0,0,0,0,0,0,1
19135633,0,0,0,1,0,1,0,0,1,0,0,0,1,0,0,2,0,1,0,1
19135634,0,0,0,0,0,1,0,0,0,0,0,0,1,0,0,0,0,1,0,0
19135635,0,0,1,0,0,1,0,0,0,0,0,0,1,0,0,0,0,2,0,1
19135636,0,0,1,0,0,1,0,0,1,0,0,0,1,0,0,0,0,2,0,1
19135637,0,0,0,0,0,1,0,0,0,0,0,0,1,0,0,0,0,1,0,0
19135638,0,0,1,1,0,1,0,0,1,0,0,0,1,0,0,0,0,2,0,1
19135641,0,0,0,1,0,1,0,0,1,0,0,0,1,0,0,2,0,1,0,0
19135653,0,0,1,1,0,0,1,0,1,0,0,1,0,0,1,0,1,0,0,1
19135654,0,0,1,1,0,2,1,0,1,0,0,1,2,0,1,2,1,2,0,1
19135655,1,1,1,1,0,2,0,0,1,0,1,0,2,1,0,2,0,2,0,1
19135656,0,0,0,0,0,2,0,0,0,0,0,0,2,0,0,2,0,2,0,0
19135657,0,0,1,1,0,2,0,0,1,0,0,0,2,0,0,2,0,2,0,1
19135658,1,1,1,1,0,0,1,0,1,0,1,1,0,0,1,0,1,0,0,1
19135659,0,0,0,0,0,2,0,0,0,0,0,0,2,0,0,2,0,2,0,0
19135660,0,0,0,0,0,2,0,0,0,0,0,0,2,0,0,2,0,2,0,0
19135661,0,0,0,0,0,2,0,0,0,0,0,0,2,0,0,2,0,2,0,0
19135662,0,0,0,0,0,0,0,0,0,0,0,0,0,0,0,0,0,0,0,0
19135663,0,0,0,0,0,1,0,0,1,0,0,0,1,0,0,2,0,1,0,1
19135664,0,0,1,1,0,1,0,0,1,0,0,0,0,0,0,0,0,2,0,1
19135665,0,0,1,1,0,1,0,0,1,0,0,0,1,0,0,0,0,1,0,1
19135666,0,0,1,1,0,1,0,0,1,0,0,0,1,0,0,0,0,1,0,1
19135667,0,0,1,1,0,1,0,0,1,0,0,0,1,0,0,0,0,2,0,1
19135668,0,0,0,1,0,1,0,0,0,0,0,0,1,0,0,0,0,2,0,0
19135669,0,0,0,0,0,1,0,0,0,0,0,0,1,0,0,0,0,1,0,0
19135670,0,0,1,1,0,1,0,0,1,0,0,0,0,0,0,0,0,0,0,1
19135671,0,0,1,0,0,1,0,0,1,0,0,0,1,0,0,0,0,2,0,1
19135672,0,0,1,1,0,1,0,0,1,0,0,0,1,0,0,0,0,1,0,0
19136791,0,0,1,0,0,1,0,0,0,0,0,0,1,0,0,0,0,1,0,1
19136792,0,0,1,1,0,1,0,0,1,0,0,0,1,0,0,0,0,1,0,1
19136793,0,0,1,1,0,1,1,0,1,0,0,0,1,0,0,0,0,0,0,1
19136796,0,0,1,1,0,1,0,0,1,0,0,0,1,0,0,0,0,1,0,1
19136798,0,0,1,1,0,1,0,0,1,0,0,0,1,0,0,0,0,2,0,1
19138692,0,0,1,1,0,1,0,0,1,0,0,0,1,0,0,0,0,2,0,1
19138693,0,0,0,0,0,1,0,0,0,0,0,0,1,0,0,0,0,2,0,0
19138694,0,0,0,1,0,1,0,0,1,0,0,0,1,0,0,2,0,1,0,1
19138695,0,0,0,0,0,1,0,0,0,0,0,0,1,0,0,0,0,1,0,0
19138700,1,1,0,0,1,2,0,1,0,1,1,0,2,1,0,2,0,2,1,0
19138702,1,1,0,1,0,0,0,1,1,1,1,0,0,1,0,0,0,0,1,1
19138705,0,0,0,0,0,1,0,0,0,0,0,0,1,1,0,2,0,1,0,0
19138708,0,0,0,1,0,1,0,0,1,0,0,0,1,0,0,0,0,1,0,0
19138709,0,0,0,0,0,1,0,0,0,0,0,0,1,0,0,0,0,0,0,0
19138710,0,0,0,0,0,1,0,0,0,0,0,0,1,0,0,0,0,1,0,0
19138711,0,0,0,1,0,1,0,0,0,0,0,0,1,0,0,0,0,1,0,0
19138712,0,0,0,0,0,1,0,0,1,0,0,0,1,0,0,2,0,1,0,1
19138713,0,0,0,0,0,1,0,0,0,0,0,0,1,0,0,0,0,1,0,0
19138714,0,0,0,0,0,1,0,0,1,0,0,0,0,0,0,2,0,1,0,0
19138715,0,0,0,1,0,1,0,0,1,0,0,0,1,0,0,2,0,1,0,1
19139940,0,0,1,0,0,1,0,0,1,0,0,0,1,0,0,0,0,0,0,1
19139941,0,0,1,0,0,1,0,0,1,0,0,0,1,0,0,0,0,1,0,1
19139942,0,0,1,1,0,1,0,0,1,0,0,0,1,0,0,0,0,2,0,1
19139943,0,0,1,0,0,1,0,0,1,0,0,0,1,0,0,0,0,0,0,1
19139944,0,0,1,0,0,1,0,0,0,0,0,0,1,0,0,0,0,2,0,1
19139945,0,0,1,0,0,1,0,0,1,0,0,0,1,0,0,0,0,2,0,1
19139946,0,0,1,1,0,1,0,0,1,0,0,0,0,0,0,0,0,0,0,1
19139947,0,0,1,0,0,1,0,0,1,0,0,0,1,0,0,0,0,2,0,1
19139948,0,0,0,1,0,1,0,0,1,0,0,0,1,0,0,2,0,1,0,1
19139949,1,1,1,1,0,0,1,0,1,0,1,1,0,1,1,0,1,0,0,1
19139950,0,0,0,0,0,0,0,0,0,0,0,0,0,0,0,0,0,0,0,0
19139951,1,1,1,1,0,0,1,1,1,1,1,1,0,0,1,0,1,0,1,1
19139952,1,1,1,1,0,2,1,0,1,0,1,1,2,1,1,2,1,2,0,1
19139953,0,0,1,1,0,0,0,0,1,0,0,0,0,0,0,0,0,0,0,1
19139954,1,1,1,1,1,2,1,1,1,1,1,1,2,1,1,2,1,2,1,1
19139955,1,1,0,1,0,0,0,0,1,0,1,0,0,1,0,0,0,0,0,1
19139956,0,0,1,1,0,0,1,0,1,0,0,1,0,0,1,0,0,0,0,1
19139957,0,0,1,1,0,0,1,0,1,0,0,1,0,0,1,0,1,0,0,1
19145076,0,0,1,0,0,1,0,0,1,0,0,0,1,0,0,0,0,1,0,1
19145077,0,0,0,0,0,1,0,0,1,0,0,0,1,0,0,2,0,1,0,0
19145078,0,0,0,1,0,1,0,0,0,0,0,0,1,0,0,0,0,1,0,0
19145079,0,0,1,0,0,1,0,0,1,0,0,0,1,0,0,0,0,0,0,1
19145081,0,0,0,0,0,1,0,0,0,0,0,0,0,0,0,0,0,0,0,0
19145082,0,0,0,0,0,1,0,0,0,0,0,0,0,0,0,0,0,0,0,0
19145083,0,0,1,1,0,1,0,0,1,0,0,0,0,0,0,0,0,2,0,1
19145085,0,0,0,0,0,1,0,0,0,0,0,0,1,0,0,0,0,1,0,0
19145087,0,0,0,0,0,0,0,0,0,0,0,0,0,0,0,0,0,0,0,0
19145088,0,0,0,0,0,0,0,0,0,0,0,0,0,0,0,0,0,0,0,0
19145089,1,1,0,0,0,1,0,0,0,0,1,0,1,1,0,1,0,1,0,0
19145092,0,0,1,1,0,0,0,0,1,0,0,0,0,0,0,0,0,0,0,1
19145093,1,1,0,0,0,0,0,1,0,1,1,0,0,1,0,0,0,0,1,0
19145097,1,1,1,1,1,0,0,1,1,1,1,0,0,1,0,0,0,0,1,1
19145098,0,0,0,1,0,1,0,0,1,0,0,0,1,0,0,0,0,0,0,0
19145099,0,0,0,1,0,1,0,0,1,0,0,0,1,0,0,0,0,0,0,0
19145100,0,0,0,1,0,1,0,0,1,0,0,0,1,0,0,2,0,1,0,1
19145101,0,0,1,0,0,1,0,0,1,0,0,0,1,0,0,0,0,0,0,1
19145102,0,0,0,0,0,1,0,0,0,0,0,0,1,0,0,0,0,1,0,0
19145103,0,0,0,1,0,1,0,0,1,0,0,0,1,0,0,2,0,1,0,1
19145104,0,0,0,0,0,1,0,0,0,0,0,0,1,0,0,0,0,1,0,0
19145105,0,0,0,0,0,1,0,0,0,0,0,0,1,0,0,0,0,1,0,0
19145106,0,0,1,0,0,1,0,0,0,0,0,0,1,0,0,0,0,2,0,1
19145107,0,0,1,1,0,1,0,0,1,0,0,0,1,0,0,0,0,1,0,1
19145108,0,0,1,0,0,1,0,0,1,0,0,0,1,0,0,0,0,0,0,1
19145109,0,0,1,1,0,1,0,0,1,0,0,0,1,0,0,0,0,1,0,1
19145110,0,0,0,0,0,1,0,0,1,0,0,0,0,0,0,0,0,1,0,0
19145111,0,0,0,1,0,1,0,0,1,0,0,0,0,0,0,0,0,0,0,0
19145112,0,0,1,1,0,1,0,0,1,0,0,0,1,0,1,0,0,0,0,1
19145113,0,0,0,1,0,1,0,0,1,0,0,0,1,0,0,2,0,1,0,1
19145114,0,0,0,1,0,1,0,0,0,0,0,0,1,0,0,0,0,2,0,0
19145115,0,0,0,0,0,1,0,0,0,0,0,0,1,0,0,0,0,1,0,0
19145116,0,0,0,0,0,1,0,0,0,0,0,0,1,0,0,0,0,1,0,0
19145117,0,0,1,0,0,1,0,0,1,0,0,0,1,0,0,0,0,1,0,1
19145118,0,0,1,1,0,1,1,0,1,0,0,0,1,0,0,0,0,0,0,1
19145119,0,0,0,0,0,1,0,0,1,0,0,0,1,0,0,2,0,1,0,1
19149069,0,0,0,1,0,1,0,0,1,0,0,0,1,0,0,0,0,0,0,0
19149070,0,0,0,1,0,1,0,0,1,0,0,0,1,0,0,0,0,0,0,0
19149084,0,0,0,0,0,1,0,0,0,0,0,0,0,0,0,0,0,0,0,0
19149085,0,0,0,0,0,1,0,0,0,0,0,0,0,0,0,0,0,0,0,0
19149086,0,0,0,1,0,1,0,0,1,0,0,0,1,0,0,2,0,1,0,1
19149087,0,0,0,1,0,1,0,0,0,0,0,0,1,0,0,0,0,2,0,0
19149088,0,0,0,0,0,1,0,0,1,0,0,0,0,0,0,2,0,1,0,0
19149089,0,0,0,0,0,1,0,0,0,0,0,0,0,0,0,0,0,0,0,0
19149090,0,0,0,1,0,1,0,0,1,0,0,0,1,0,0,0,0,0,0,0
19149091,0,0,0,1,0,1,0,0,1,0,0,0,1,0,0,0,0,0,0,0
19154833,0,0,1,0,0,1,0,0,1,0,0,0,1,0,0,0,0,1,0,1
19154834,0,0,1,0,0,1,0,0,1,0,0,0,1,0,0,0,0,1,0,1
19154835,0,0,1,1,0,1,0,0,1,0,0,0,0,0,1,0,0,2,0,1
19154836,0,0,1,1,0,1,0,0,1,0,0,0,0,0,0,0,0,0,0,1
19155419,0,0,1,0,0,1,0,0,1,0,0,0,0,0,0,0,0,0,0,1
19155421,0,0,1,0,0,1,0,0,1,0,0,0,1,0,0,0,0,2,0,1
19155423,0,0,1,0,0,1,0,0,1,0,0,0,1,0,0,0,0,2,0,1
19155424,0,0,0,1,0,1,0,0,0,0,0,0,1,0,0,0,0,1,0,0
19155427,0,0,1,1,0,0,0,0,1,0,0,0,0,0,0,0,0,0,0,1
19155428,0,0,1,1,0,0,1,0,1,0,0,1,0,0,1,0,1,0,0,1
19155429,0,0,1,1,0,2,1,0,1,0,0,1,2,0,1,2,1,2,0,1
19155430,0,0,0,0,0,1,0,0,0,0,0,0,1,0,0,1,0,1,0,0
19155431,1,1,1,1,0,1,1,0,1,0,1,1,1,1,1,1,0,1,0,1
19155432,1,1,0,0,0,0,0,0,0,0,1,0,0,1,0,0,0,0,0,0
19155433,0,0,0,0,0,0,0,0,0,0,0,0,0,0,0,0,0,0,0,0
19155434,0,0,1,1,0,2,1,0,1,0,0,1,2,0,1,2,1,2,0,1
19155435,0,0,0,0,0,1,0,0,0,0,0,0,1,0,0,1,0,1,0,0
19155436,0,0,1,1,0,0,1,0,1,0,0,1,0,0,1,0,1,0,0,1
19155437,0,0,1,0,0,1,0,0,1,0,0,0,1,0,0,0,0,1,0,1
19155438,0,0,0,1,0,1,0,0,1,0,0,0,1,0,0,2,0,1,0,1
19155439,0,0,1,0,0,1,0,0,0,0,0,0,1,0,0,0,0,1,0,0
19155440,0,0,1,1,0,1,0,0,0,0,0,0,1,0,1,0,0,0,0,1
19155441,0,0,0,0,0,1,0,0,0,0,0,0,1,0,0,0,0,1,0,0
19155442,0,0,1,1,0,1,1,0,0,0,0,0,1,0,1,0,0,1,0,1
19155443,0,0,1,0,0,1,0,0,1,0,0,0,1,0,0,0,0,2,0,1
19155444,0,0,1,0,0,1,0,0,1,0,0,0,1,0,0,0,0,2,0,1
19155445,0,0,1,1,0,1,0,0,1,0,0,0,0,0,0,0,0,0,0,1
19155446,0,0,1,0,0,1,0,0,1,0,0,0,1,0,0,0,0,2,0,1
19160790,0,0,1,0,0,1,0,0,1,0,0,0,1,0,0,0,0,2,0,1
19160791,0,0,0,1,0,1,0,0,1,0,0,0,1,0,0,0,0,0,0,0
19160792,0,0,0,0,0,1,0,0,0,0,0,0,0,0,0,0,0,1,0,0
19160793,0,0,0,0,0,1,0,0,1,0,0,0,0,0,0,0,0,0,0,0
19160794,0,0,1,1,0,1,0,0,1,0,0,0,1,0,0,0,0,2,0,1
19160795,0,0,0,1,0,1,0,0,0,0,0,0,1,0,0,0,0,2,0,0
19160796,0,0,0,0,0,1,0,0,0,0,0,0,1,0,0,0,0,1,0,0
19160797,0,0,0,1,0,1,0,0,1,0,0,0,1,0,0,2,0,1,0,0
19160798,0,0,1,0,0,1,0,0,1,0,0,0,1,0,0,0,0,1,0,1
19160799,1,1,1,1,1,2,0,1,1,1,1,0,2,1,0,2,0,2,1,1
19160800,0,0,1,1,0,0,1,0,1,0,0,1,0,0,1,0,1,0,0,1
19160801,1,1,0,1,0,2,0,0,1,0,1,0,2,1,0,2,0,2,0,1
19160802,1,1,1,1,1,0,0,1,1,1,1,0,0,1,0,0,0,0,1,1
19160804,1,1,0,0,0,1,0,1,0,1,1,0,1,0,0,1,0,1,1,0
19160805,1,1,0,0,0,0,0,0,0,0,1,0,0,1,0,0,0,0,0,0
19160807,0,0,1,1,0,0,1,0,1,0,0,1,0,0,1,0,1,0,0,1
19172317,0,0,1,1,0,1,0,0,1,0,0,0,1,0,0,0,0,1,0,1
19172320,0,0,1,1,0,1,0,0,1,0,0,0,1,0,0,0,0,2,0,1
19172323,0,0,0,0,0,1,0,0,0,0,0,0,0,0,0,0,0,0,0,0
19172325,0,0,0,0,0,1,0,0,0,0,0,0,1,0,0,1,0,1,0,0
19172326,1,1,1,1,0,0,0,1,1,1,1,0,0,1,0,0,0,0,1,1
19172327,0,0,1,1,0,0,1,0,1,0,0,1,0,0,1,0,1,0,0,1
19172328,1,1,0,0,0,0,0,1,0,1,1,0,0,1,0,0,0,0,1,0
19172329,1,1,1,1,0,2,1,0,1,0,1,1,2,1,1,2,1,2,0,1
19172330,0,0,0,0,0,1,0,0,0,0,0,0,1,0,0,1,0,1,0,0
19172331,1,1,1,1,0,2,1,0,1,0,1,1,2,0,1,1,1,2,0,1
19172332,0,0,0,0,0,1,0,0,0,0,0,0,1,0,0,1,0,1,0,0
19172333,0,0,1,1,0,0,0,0,1,0,0,0,0,0,0,0,0,0,0,1
19172334,0,0,1,1,0,1,0,0,1,0,0,0,1,0,0,0,0,1,0,1
19172335,0,0,0,0,0,1,0,0,1,0,0,0,1,0,0,2,0,1,0,1
19172336,0,0,0,1,0,1,0,0,0,0,0,0,1,0,0,0,0,1,0,0
19172337,0,0,1,0,0,1,0,0,1,0,0,0,1,0,0,0,0,1,0,1
19172338,0,0,0,1,0,1,0,0,0,0,0,0,1,0,0,0,0,2,0,0
19172339,0,0,1,0,0,1,0,0,1,0,0,0,1,0,0,0,0,1,0,1
19172340,0,0,0,0,0,1,0,0,1,0,0,0,1,0,0,0,0,1,0,0
19172341,0,0,0,0,0,1,0,0,1,0,0,0,1,0,0,0,0,1,0,0
19172342,0,0,1,0,0,1,0,0,1,0,0,0,1,0,0,0,0,1,0,1
19172343,0,0,0,1,0,1,0,0,1,0,0,0,1,0,0,2,0,1,0,1
19172344,0,0,0,0,0,1,0,0,0,0,0,0,1,0,0,0,0,1,0,0
19172345,0,0,0,0,0,1,0,0,0,0,0,0,1,0,0,0,0,1,0,0
19172346,0,0,1,1,0,1,0,0,1,0,0,0,1,0,0,0,0,2,0,1
19172347,0,0,1,0,0,1,0,0,1,0,0,0,1,0,0,0,0,1,0,0
19172348,0,0,0,1,0,1,0,0,0,0,0,0,1,0,0,0,0,1,0,0
19172349,0,0,1,0,0,1,0,0,1,0,0,0,1,0,0,0,0,2,0,1
19172350,0,0,0,1,0,1,0,0,0,0,0,0,1,0,0,0,0,1,0,0
19172351,0,0,1,1,0,1,0,0,1,0,0,0,0,0,0,0,0,0,0,1
19347746,0,0,0,0,0,1,0,0,0,0,0,0,1,0,0,0,0,1,0,0
19347748,0,0,1,0,0,1,0,0,0,0,0,0,1,0,0,0,0,1,0,0
19347749,0,0,0,0,0,1,0,0,0,0,0,0,1,0,0,0,0,1,0,0
19347750,0,0,1,0,0,1,0,0,0,0,0,0,1,0,0,0,0,1,0,1
19347762,0,0,0,0,0,1,0,0,0,0,0,0,1,0,0,1,0,1,0,0
19347763,0,0,1,1,0,0,0,0,1,0,0,0,0,0,0,0,0,0,0,1
19347767,0,0,1,1,0,1,0,0,1,0,0,0,1,0,0,0,0,0,0,1
19347768,0,0,0,1,0,1,0,0,0,0,0,0,1,0,0,0,0,2,0,0
19347769,0,0,0,1,0,1,0,0,1,0,0,0,1,0,0,0,0,1,0,0
19347770,0,0,0,1,0,1,0,0,0,0,0,0,1,0,0,0,0,1,0,1
19347771,0,0,1,0,0,1,0,0,1,0,0,0,2,0,0,0,0,0,0,1
19347772,0,0,1,1,0,1,0,0,1,0,0,0,1,0,0,0,0,1,0,1
19347773,0,0,1,1,0,1,0,0,1,0,0,0,1,0,0,0,0,2,0,1
19347774,0,0,0,1,0,1,0,0,1,0,0,0,1,0,0,0,0,1,0,0
19347775,0,0,1,1,0,1,0,0,1,0,0,0,1,0,0,0,0,1,0,1
19347776,0,0,1,0,0,1,0,0,0,0,0,0,1,0,0,0,0,1,0,1
19347777,0,0,1,1,0,1,0,0,1,0,0,0,1,0,0,0,0,2,0,1
19347778,0,0,0,0,0,1,0,0,0,0,0,0,1,0,0,0,0,1,0,0
19347779,0,0,0,1,0,1,0,0,1,0,0,0,1,0,0,0,0,1,0,0
19347780,0,0,0,0,0,1,0,0,0,0,0,0,1,0,0,0,0,2,0,0
19347781,0,0,1,0,0,1,0,0,0,0,0,0,1,0,0,0,0,2,0,1
19347782,0,0,0,0,0,1,0,0,0,0,0,0,0,0,0,0,0,1,0,0
19347783,0,0,1,0,0,1,0,0,0,0,0,0,1,0,0,0,0,1,0,1
19347784,0,0,0,0,0,1,0,0,0,0,0,0,1,0,0,0,0,1,0,0
19347785,0,0,1,0,0,1,0,0,1,0,0,0,1,0,0,0,0,1,0,1
19347786,0,0,0,1,0,1,0,0,0,0,0,0,1,0,0,0,0,1,0,1
19347787,0,0,0,0,0,1,0,0,0,0,0,0,1,0,0,0,0,1,0,0
19347788,0,0,1,1,0,1,0,0,1,0,0,0,0,0,1,0,0,0,0,1
19347789,0,0,0,0,0,1,0,0,0,0,0,0,0,0,0,0,0,0,0,0
19347790,0,0,0,0,0,1,0,0,1,0,0,0,1,0,0,2,0,1,0,0
19347791,0,0,1,1,0,1,0,0,1,0,0,0,1,0,0,0,0,2,0,1
19347792,0,0,0,0,0,1,0,0,0,0,0,0,1,0,0,0,0,0,0,0
19347793,0,0,0,0,0,1,0,0,0,0,0,0,1,0,0,0,0,1,0,1
19347794,0,0,1,0,0,1,0,0,1,0,0,0,1,0,0,0,0,1,0,1
19347795,0,0,1,1,0,1,0,0,1,0,0,0,1,0,0,0,0,2,0,1
19347796,0,0,1,0,0,1,0,0,0,0,0,0,1,0,0,0,0,1,0,1
19347797,0,0,0,1,0,1,0,0,1,0,0,0,1,0,0,0,0,1,0,0
19347798,0,0,0,1,0,1,0,0,0,0,0,0,1,0,0,0,0,2,0,0
19347799,0,0,0,0,0,1,0,0,0,0,0,0,0,0,0,0,0,1,0,0
19347800,0,0,0,1,0,1,0,0,1,0,0,0,1,0,0,0,0,1,0,0
19347801,0,0,0,0,0,1,0,0,0,0,0,0,1,0,0,0,0,1,0,1
19347802,0,0,1,1,0,1,0,0,1,0,0,0,1,0,1,0,0,0,0,1
19347803,0,0,1,0,0,1,0,0,1,0,0,0,1,0,0,0,0,1,0,1
19347804,0,0,0,0,0,1,0,0,0,0,0,0,1,0,0,0,0,1,0,0
19347805,0,0,1,0,0,1,0,0,0,0,0,0,1,0,0,0,0,1,0,1
19347806,0,0,0,1,0,1,0,0,1,0,0,0,1,0,0,2,0,1,0,1
19347807,0,0,1,1,0,1,0,0,1,0,0,0,1,0,0,0,0,2,0,1
19347808,0,0,0,0,0,1,0,0,1,0,0,0,1,0,0,0,0,1,0,0
19347809,0,0,1,0,0,1,0,0,0,0,0,0,1,0,0,0,0,1,0,1
19347810,0,0,1,1,0,1,0,0,0,0,0,0,1,0,0,0,0,1,0,0
19347811,0,0,0,1,0,1,0,0,1,0,0,0,1,0,0,0,0,0,0,0
19347812,0,0,1,1,0,1,0,0,1,0,0,0,1,0,0,0,0,1,0,1
19347813,0,0,1,1,0,1,0,0,1,0,0,0,1,0,0,0,0,2,0,1
19347814,0,0,0,0,0,1,0,0,0,0,0,0,1,0,0,0,0,1,0,0
19347815,0,0,0,0,0,1,0,0,0,0,0,0,0,0,0,0,0,1,0,0
19347816,0,0,1,0,0,1,0,0,1,0,0,0,1,0,0,0,0,1,0,1
19347817,0,0,1,0,0,1,0,0,0,0,0,0,1,0,0,0,0,0,0,1
19347818,0,0,1,0,0,1,0,0,1,0,0,0,1,0,0,0,0,1,0,1
19347819,0,0,1,0,0,1,0,0,1,0,0,0,1,0,0,0,0,1,0,1
19347820,0,0,1,1,0,1,0,0,1,0,0,0,1,0,0,0,0,1,0,1
19347821,0,0,0,0,0,1,0,0,0,0,0,0,0,0,0,0,0,0,0,0
19347822,0,0,0,1,0,1,0,0,1,0,0,0,1,0,1,0,0,1,0,0
19347823,0,0,1,0,0,1,0,0,1,0,0,0,1,0,0,0,0,2,0,1
19347824,0,0,1,0,0,1,0,0,1,0,0,0,1,0,0,0,0,1,0,1
19347825,0,0,0,1,0,1,0,0,1,0,0,0,1,0,0,0,0,1,0,0
19347826,0,0,1,1,0,1,0,0,1,0,0,0,1,0,0,0,0,2,0,1
19347827,0,0,1,0,0,1,0,0,0,0,0,0,1,0,0,0,0,1,0,1
19347828,0,0,1,0,0,1,0,0,0,0,0,0,1,0,0,0,0,1,0,0
19347829,0,0,0,0,0,1,0,0,0,0,0,0,0,0,0,0,0,1,0,0
19347830,0,0,0,1,0,1,0,0,1,0,0,0,1,0,0,0,0,1,0,0
19347831,0,0,1,0,0,1,0,0,0,0,0,0,1,0,0,0,0,1,0,1
19347832,0,0,0,0,0,1,0,0,0,0,0,0,1,0,0,0,0,2,0,0
19347833,0,0,1,0,0,1,0,0,0,0,0,0,1,0,0,0,0,1,0,1
19347834,0,0,0,0,0,1,0,0,0,0,0,0,1,0,0,0,0,1,0,0
19347835,0,0,1,1,0,1,0,0,1,0,0,0,0,0,0,0,0,2,0,1
19347836,0,0,0,1,0,1,0,0,1,0,0,0,1,0,1,0,0,1,0,0
19347837,0,0,1,1,0,1,0,0,0,0,0,0,1,0,0,0,0,2,0,1
19347838,0,0,0,0,0,1,0,0,0,0,0,0,1,0,0,0,0,1,0,0
19347839,0,0,0,1,0,1,0,0,0,0,0,0,1,0,0,0,0,2,0,1
19347840,0,0,0,1,0,1,0,0,1,0,0,0,1,0,0,0,0,1,0,0
19347841,0,0,1,1,0,1,0,0,1,0,0,0,1,0,0,0,0,2,0,0
19347842,0,0,0,0,0,1,0,0,0,0,0,0,0,0,0,0,0,1,0,0
19347843,0,0,1,1,0,1,0,0,1,0,0,0,1,0,0,0,0,0,0,1
19347844,0,0,0,0,0,1,0,0,1,0,0,0,1,0,0,0,0,1,0,0
19347845,0,0,1,1,0,1,0,0,1,0,0,0,1,0,0,0,0,2,0,1
19347846,0,0,0,1,0,1,0,0,1,0,0,0,1,0,0,0,0,1,0,0
19347847,0,0,0,0,0,1,0,0,0,0,0,0,1,0,0,0,0,1,0,0
19347848,0,0,1,1,0,1,0,0,1,0,0,0,1,0,0,0,0,1,0,1
19347849,0,0,1,0,0,1,0,0,0,0,0,0,1,0,0,0,0,1,0,1
19347850,0,0,0,0,0,1,0,0,0,0,0,0,1,0,0,0,0,0,0,0
19347851,0,0,1,0,0,1,0,0,0,0,0,0,1,0,0,0,0,2,0,1
19347852,0,0,0,0,0,1,0,0,0,0,0,0,1,0,0,0,0,1,0,0
19347853,0,0,0,0,0,1,0,0,0,0,0,0,1,0,0,0,0,1,0,0
19347854,0,0,0,1,0,1,0,0,1,0,0,0,1,0,0,0,0,1,0,0
19347855,0,0,0,0,0,1,0,0,0,0,0,0,0,0,0,0,0,1,0,0
19347856,0,0,0,1,0,1,0,0,0,0,0,0,1,0,0,0,0,1,0,0
19347857,0,0,0,1,0,1,0,0,1,0,0,0,1,0,0,0,0,1,0,0
19347858,0,0,0,1,0,1,0,0,1,0,0,0,1,0,0,0,0,1,0,1
19347859,0,0,0,1,0,1,0,0,0,0,0,0,1,0,0,0,0,0,0,0
19347860,0,0,1,0,0,1,0,0,0,0,0,0,1,0,0,0,0,1,0,1
19347861,0,0,1,0,0,1,0,0,1,0,0,0,1,0,0,0,0,1,0,1
19347862,0,0,1,1,0,1,0,0,1,0,0,0,1,0,0,0,0,1,0,1
19347863,0,0,0,0,0,1,0,0,0,0,0,0,0,0,0,0,0,0,0,0
19347864,0,0,1,0,0,1,0,0,1,0,0,0,1,0,0,0,0,2,0,1
19347865,0,0,1,0,0,1,0,0,1,0,0,0,1,0,0,0,0,0,0,1
19347866,0,0,1,1,0,1,0,0,1,0,0,0,1,0,0,0,0,1,0,1
19347867,0,0,0,0,0,1,0,0,0,0,0,0,1,0,0,0,0,0,0,0
19347868,0,0,0,1,0,1,0,0,0,0,0,0,1,0,0,0,0,1,0,0
19347869,0,0,0,1,0,1,0,0,0,0,0,0,1,0,0,0,0,1,0,0
19347870,0,0,1,0,0,1,0,0,0,0,0,0,1,0,0,0,0,1,0,1
19347871,0,0,0,1,0,1,0,0,0,0,0,0,1,0,0,0,0,1,0,1
19347872,0,0,1,0,0,1,0,0,0,0,0,0,1,0,0,0,0,1,0,1
19347873,0,0,0,1,0,1,0,0,1,0,0,0,1,0,0,0,0,2,0,0
19347874,0,0,1,0,0,1,0,0,1,0,0,0,1,0,0,0,0,2,0,1
19347875,0,0,1,0,0,1,0,0,0,0,0,0,1,0,0,0,0,1,0,0
19347876,0,0,0,1,0,1,0,0,1,0,0,0,1,0,0,0,0,1,0,0
19347877,0,0,0,0,0,1,0,0,0,0,0,0,1,0,0,0,0,2,0,0
19347878,0,0,0,0,0,1,0,0,1,0,0,0,1,0,0,2,0,1,0,0
19347879,0,0,0,0,0,1,0,0,0,0,0,0,1,0,0,0,0,1,0,0
19347880,0,0,1,1,0,1,0,0,1,0,0,0,1,0,0,0,0,0,0,1
19347881,0,0,1,1,0,1,0,0,1,0,0,0,1,0,0,0,0,1,0,1
19347882,0,0,0,0,0,1,0,0,0,0,0,0,1,0,0,0,0,1,0,1
19347883,0,0,0,0,0,1,0,0,0,0,0,0,0,0,0,0,0,0,0,0
19347884,0,0,1,0,0,1,0,0,1,0,0,0,1,0,0,0,0,1,0,1
19347885,0,0,0,0,0,1,0,0,0,0,0,0,1,0,0,0,0,1,0,0
19347886,0,0,1,0,0,1,0,0,0,0,0,0,1,0,0,0,0,0,0,1
19347887,0,0,0,0,0,1,0,0,0,0,0,0,0,0,0,0,0,0,0,0
19347888,0,0,0,1,0,1,0,0,1,0,0,0,1,0,0,0,0,1,0,0
19347889,0,0,0,1,0,1,0,0,0,0,0,0,1,0,0,0,0,1,0,0
19347890,0,0,1,0,0,1,0,0,1,0,0,0,1,0,0,0,0,0,0,1
19347891,0,0,1,0,0,1,0,0,1,0,0,0,1,0,0,0,0,1,0,0
19347892,0,0,1,1,0,1,0,0,1,0,0,0,1,0,1,0,0,0,0,1
19347893,0,0,1,0,0,1,0,0,0,0,0,0,1,0,0,0,0,1,0,1
19347894,0,0,1,0,0,1,0,0,0,0,0,0,1,0,0,0,0,1,0,1
19347895,0,0,0,1,0,1,0,0,0,0,0,0,1,0,0,0,0,2,0,0
19347896,0,0,0,0,0,1,0,0,0,0,0,0,1,0,0,0,0,1,0,0
19347897,0,0,1,0,0,1,0,0,0,0,0,0,1,0,0,0,0,1,0,1
19347898,0,0,1,0,0,1,0,0,1,0,0,0,1,0,0,0,0,0,0,1
19347899,0,0,0,0,0,1,0,0,0,0,0,0,1,0,0,0,0,1,0,1
19347900,0,0,1,0,0,1,0,0,1,0,0,0,1,0,0,0,0,1,0,1
19347901,0,0,1,0,0,1,0,0,0,0,0,0,1,0,0,0,0,1,0,0
19347902,0,0,0,1,0,1,0,0,1,0,0,0,1,0,0,0,0,1,0,0
19347903,0,0,0,0,0,1,0,0,0,0,0,0,1,0,0,0,0,1,0,0
19347904,0,0,0,0,0,1,0,0,0,0,0,0,1,0,0,0,0,1,0,0
19347905,0,0,0,1,0,1,0,0,1,0,0,0,1,0,0,0,0,1,0,0
19347906,0,0,0,1,0,1,0,0,0,0,0,0,1,0,0,0,0,1,0,0
19347907,0,0,1,1,0,1,1,0,1,0,0,0,1,0,0,0,0,0,0,1
19347908,0,0,0,1,0,1,0,0,1,0,0,0,1,0,0,0,0,1,0,0
19347909,0,0,1,0,0,1,0,0,0,0,0,0,1,0,0,0,0,1,0,0
19347910,0,0,1,0,0,1,0,0,0,0,0,0,1,0,0,0,0,1,0,1
19347911,0,0,1,0,0,1,0,0,0,0,0,0,1,0,0,0,0,2,0,1
19347912,0,0,0,0,0,1,0,0,0,0,0,0,1,0,0,0,0,1,0,0
19347913,0,0,0,0,0,1,0,0,0,0,0,0,1,0,0,0,0,1,0,0
19347914,0,0,1,0,0,1,0,0,1,0,0,0,1,0,0,0,0,1,0,1
19347915,0,0,0,1,0,1,0,0,1,0,0,0,1,0,0,0,0,1,0,0
19347916,0,0,0,1,0,1,0,0,0,0,0,0,1,0,0,0,0,2,0,0
19347917,0,0,0,0,0,1,0,0,0,0,0,0,1,0,0,0,0,0,0,0
19347918,0,0,0,1,0,1,0,0,1,0,0,0,1,0,0,2,0,1,0,1
19347919,0,0,1,0,0,1,0,0,0,0,0,0,1,0,0,0,0,1,0,0
19347920,0,0,1,0,0,1,0,0,0,0,0,0,1,0,0,0,0,1,0,1
19347921,0,0,0,1,0,1,0,0,1,0,0,0,1,0,0,0,0,1,0,0
19347922,0,0,0,1,0,1,0,0,1,0,0,0,1,0,0,0,0,1,0,0
19347923,0,0,1,0,0,1,0,0,1,0,0,0,1,0,0,0,0,1,0,1
19347924,0,0,1,1,0,1,1,0,0,0,0,0,1,0,1,0,0,1,0,1
19347925,0,0,1,1,0,1,0,0,1,0,0,0,1,0,0,0,0,1,0,1
19347926,0,0,0,0,0,1,0,0,0,0,0,0,1,0,0,0,0,0,0,0
19354585,0,0,1,0,0,1,0,0,0,0,0,0,1,0,0,0,0,2,0,1
19354593,0,0,1,0,0,1,0,0,1,0,0,0,1,0,0,0,0,1,0,1
19354595,0,0,0,1,0,1,0,0,1,0,0,0,1,0,0,2,0,1,0,1
19354596,0,0,0,0,0,1,0,0,1,0,0,0,0,0,0,0,0,1,0,0
19354597,0,0,1,0,0,1,0,0,1,0,0,0,1,0,0,0,0,2,0,1
19354598,0,0,1,0,0,1,0,0,0,0,0,0,1,0,0,0,0,2,0,1
19354599,0,0,0,0,0,1,0,0,0,0,0,0,0,0,0,0,0,0,0,0
19354600,0,0,1,1,0,1,0,0,1,0,0,0,0,0,0,0,0,0,0,1
19354609,0,0,0,1,0,1,0,0,1,0,0,0,1,0,0,2,0,1,0,0
19354610,0,0,1,0,0,1,0,0,1,0,0,0,1,0,0,0,0,1,0,1
19354611,0,0,0,1,0,1,0,0,1,0,0,0,1,0,0,2,0,1,0,1
19354612,0,0,1,1,0,1,0,0,1,0,0,0,1,0,0,0,0,2,0,1
19354613,0,0,1,0,0,1,0,0,1,0,0,0,1,0,0,0,0,2,0,1
19354614,0,0,0,0,0,1,0,0,0,0,0,0,0,0,0,0,0,0,0,0
19354615,0,0,1,1,0,1,1,0,1,0,0,0,1,0,0,0,0,2,0,1
19354616,0,0,0,1,0,1,0,0,1,0,0,0,1,0,0,2,0,1,0,1
19354617,0,0,0,0,0,1,0,0,0,0,0,0,1,0,0,0,0,1,0,0
19354618,0,0,0,1,0,1,0,0,1,0,0,0,1,0,0,2,0,1,0,1
19354619,0,0,0,1,0,1,0,0,1,0,0,0,1,0,0,0,0,1,0,1
19354620,0,0,1,0,0,1,0,0,1,0,0,0,1,0,0,0,0,1,0,1
19354621,0,0,0,1,0,1,0,0,1,0,0,0,1,0,0,2,0,1,0,1
19354622,0,0,1,1,0,1,1,0,0,0,0,0,1,0,1,0,0,1,0,1
19354623,0,0,0,0,0,1,0,0,0,0,0,0,1,0,0,0,0,1,0,0
19354624,0,0,1,1,0,1,0,0,1,0,0,0,0,0,0,0,0,0,0,1
19354625,0,0,0,1,0,1,0,0,0,0,0,0,1,0,0,0,0,1,0,1
19354626,0,0,0,1,0,1,0,0,1,0,0,0,1,0,0,0,0,0,0,0
19354627,0,0,0,0,0,1,0,0,1,0,0,0,1,0,0,2,0,1,0,1
19354628,0,0,1,0,0,1,0,0,1,0,0,0,1,0,0,0,0,2,0,1
19354629,0,0,1,0,0,1,0,0,1,0,0,0,1,0,0,0,0,2,0,1
19354630,0,0,0,0,0,1,0,0,0,0,0,0,0,0,0,0,0,0,0,0
19354631,0,0,1,1,0,1,1,0,0,0,0,0,1,0,1,0,0,1,0,1
19354632,0,0,1,0,0,1,0,0,1,0,0,0,0,0,0,0,0,0,0,1
19354633,0,0,0,1,0,1,0,0,1,0,0,0,1,0,0,0,0,1,0,1
19354634,0,0,1,0,0,1,0,0,1,0,0,0,1,0,0,0,0,1,0,1
19354635,0,0,0,1,0,1,0,0,1,0,0,0,1,0,0,0,0,0,0,0
19354636,0,0,0,0,0,1,0,0,0,0,0,0,1,0,0,0,0,1,0,0
19354637,0,0,1,0,0,1,0,0,0,0,0,0,1,0,0,0,0,2,0,1
19354638,0,0,0,0,0,1,0,0,0,0,0,0,1,0,0,0,0,1,0,0
19354639,0,0,1,1,0,1,0,0,1,0,0,0,1,0,0,0,0,2,0,1
19354640,0,0,1,0,0,1,0,0,1,0,0,0,1,0,0,0,0,2,0,1
19354641,0,0,0,1,0,1,0,0,1,0,0,0,1,0,0,2,0,1,0,0
19354642,0,0,0,0,0,1,0,0,1,0,0,0,0,0,0,0,0,1,0,0
19354643,0,0,1,0,0,1,0,0,1,0,0,0,1,0,0,0,0,2,0,1
19354644,0,0,1,0,0,1,0,0,1,0,0,0,1,0,0,0,0,2,0,1
19354645,0,0,1,0,0,1,0,0,1,0,0,0,1,0,0,0,0,1,0,1
19354646,0,0,0,1,0,1,0,0,1,0,0,0,1,0,0,2,0,1,0,1
19354647,0,0,1,1,0,1,0,0,1,0,0,0,0,0,0,0,0,0,0,1
19354648,0,0,1,1,0,1,0,0,1,0,0,0,1,0,0,0,0,2,0,1
19354649,0,0,1,0,0,1,0,0,1,0,0,0,1,0,0,0,0,1,0,1
19354650,0,0,1,0,0,1,0,0,1,0,0,0,1,0,0,0,0,1,0,1
19354651,0,0,0,1,0,1,0,0,1,0,0,0,1,0,0,2,0,1,0,1
19354652,0,0,1,0,0,1,0,0,1,0,0,0,1,0,0,0,0,1,0,1
19354653,0,0,0,0,0,1,0,0,0,0,0,0,1,0,0,0,0,1,0,0
19354654,0,0,1,1,0,1,0,0,1,0,0,0,1,0,0,0,0,2,0,1
19354655,0,0,0,0,0,1,0,0,0,0,0,0,1,0,0,0,0,1,0,0
19354656,0,0,0,0,0,1,0,0,0,0,0,0,1,0,0,0,0,1,0,0
19354657,0,0,0,1,0,1,0,0,1,0,0,0,1,0,0,2,0,1,0,0
19354658,0,0,0,1,0,1,0,0,1,0,0,0,1,0,0,2,0,1,0,0
19354659,0,0,1,1,0,1,0,0,1,0,0,0,0,0,0,0,0,0,0,1
19354660,0,0,1,1,0,1,0,0,1,0,0,0,1,0,0,0,0,2,0,1
19354661,0,0,1,0,0,1,0,0,0,0,0,0,1,0,0,0,0,1,0,1
19354662,0,0,0,1,0,1,0,0,0,0,0,0,0,0,0,0,0,0,0,0
19354663,0,0,1,1,0,1,1,0,0,0,0,0,1,0,1,0,0,1,0,1
19354664,0,0,1,0,0,1,0,0,1,0,0,0,0,0,0,0,0,0,0,1
19354665,0,0,1,0,0,1,0,0,1,0,0,0,1,0,0,0,0,1,0,1
19354666,0,0,1,0,0,1,0,0,0,0,0,0,1,0,0,0,0,1,0,1
19354667,0,0,0,1,0,1,0,0,1,0,0,0,1,0,0,2,0,1,0,1
19354668,0,0,1,0,0,1,0,0,1,0,0,0,1,0,0,0,0,1,0,1
19354669,0,0,0,0,0,1,0,0,0,0,0,0,1,0,0,0,0,1,0,0
19354670,0,0,0,1,0,1,0,0,0,0,0,0,1,0,0,0,0,1,0,0
19354671,0,0,0,0,0,1,0,0,0,0,0,0,1,0,0,0,0,1,0,0
19354672,0,0,1,1,0,1,0,0,1,0,0,0,1,0,0,0,0,2,0,1
19354674,0,0,0,1,0,1,0,0,1,0,0,0,1,0,0,2,0,1,0,0
19354675,0,0,0,1,0,1,0,0,1,0,0,0,1,0,0,2,0,1,0,0
19354676,0,0,0,0,0,1,0,0,0,0,0,0,1,0,0,0,0,1,0,0
19354677,0,0,0,0,0,1,0,0,0,0,0,0,1,0,0,0,0,1,0,1
19354678,0,0,1,1,0,1,0,0,1,0,0,0,0,0,0,0,0,0,0,1
19354679,0,0,0,1,0,1,0,0,1,0,0,0,1,0,0,2,0,1,0,0
19354680,0,0,1,1,0,1,0,0,1,0,0,0,0,0,0,0,0,2,0,1
19354684,0,0,0,0,0,1,0,0,0,0,0,0,1,0,0,0,0,1,0,0
19354685,0,0,0,0,0,1,0,0,1,0,0,0,0,0,0,0,0,0,0,0
19354686,0,0,1,1,0,1,0,0,1,0,0,0,1,0,0,0,0,2,0,1
19354687,0,0,0,0,0,1,0,0,0,0,0,0,1,0,0,0,0,1,0,0
19354688,0,0,1,0,0,1,0,0,1,0,0,0,1,0,0,0,0,2,0,1
19354690,0,0,1,0,0,1,0,0,1,0,0,0,1,0,0,0,0,1,0,1
19354691,0,0,0,1,0,1,0,0,0,0,0,0,0,0,0,0,0,0,0,0
19354692,0,0,0,0,0,1,0,0,1,0,0,0,1,0,0,2,0,1,0,1
19354693,0,0,1,0,0,1,0,0,1,0,0,0,1,0,0,0,0,0,0,1
19354694,0,0,1,1,0,1,1,0,0,0,0,0,1,0,1,0,0,1,0,1
19354695,0,0,0,1,0,1,0,0,1,0,0,0,1,0,0,0,0,1,0,0
19354696,0,0,1,1,0,1,0,0,1,0,0,0,1,0,0,0,0,2,0,1
19354697,0,0,1,0,0,1,0,0,1,0,0,0,1,0,0,0,0,1,0,1
19354698,0,0,0,1,0,1,0,0,0,0,0,0,1,0,0,0,0,1,0,1
19354699,0,0,0,1,0,1,0,0,1,0,0,0,1,0,0,2,0,1,0,1
19354700,0,0,1,0,0,1,0,0,1,0,0,0,1,0,0,0,0,2,0,1
19354701,0,0,0,0,0,1,0,0,1,0,0,0,1,0,0,0,0,1,0,0
19354702,0,0,0,0,0,1,0,0,0,0,0,0,1,0,0,0,0,1,0,0
19354703,0,0,1,0,0,1,0,0,1,0,0,0,1,0,0,0,0,0,0,1
19354704,0,0,1,0,0,1,0,0,1,0,0,0,1,0,0,0,0,1,0,1
19354705,0,0,1,0,0,1,0,0,1,0,0,0,1,0,0,0,0,1,0,1
19354706,0,0,0,1,0,1,0,0,1,0,0,0,1,0,0,0,0,1,0,0
19354707,0,0,1,1,0,1,0,0,0,0,0,0,1,0,0,0,0,2,0,1
19354708,0,0,1,0,0,1,0,0,0,0,0,0,1,0,0,0,0,2,0,1
19354709,0,0,1,1,0,1,0,0,1,0,0,0,0,0,0,0,0,0,0,1
19354710,0,0,0,0,0,1,0,0,0,0,0,0,0,0,0,0,0,0,0,0
19354711,0,0,1,1,0,1,0,0,1,0,0,0,1,0,0,0,0,0,0,1
19354712,0,0,0,1,0,1,0,0,0,0,0,0,1,0,0,0,0,0,0,0
19354713,0,0,1,0,0,1,0,0,1,0,0,0,1,0,0,0,0,1,0,1
19354714,0,0,1,1,0,1,0,0,1,0,0,0,1,0,0,0,0,1,0,1
19354715,0,0,0,1,0,1,0,0,1,0,0,0,1,0,0,0,0,0,0,0
19354716,0,0,0,1,0,1,0,0,1,0,0,0,1,0,0,2,0,1,0,1
19354717,0,0,1,1,0,1,0,0,1,0,0,0,1,0,0,0,0,0,0,1
19354718,0,0,0,0,0,1,0,0,1,0,0,0,1,0,0,2,0,1,0,1
19354719,0,0,1,1,0,1,1,0,0,0,0,0,1,0,1,0,0,1,0,1
19354720,0,0,1,0,0,1,0,0,1,0,0,0,1,0,0,0,0,1,0,1
19354721,0,0,0,0,0,1,0,0,0,0,0,0,1,0,0,0,0,1,0,0
19354722,0,0,1,1,0,1,0,0,1,0,0,0,1,0,0,0,0,2,0,1
19354723,0,0,1,0,0,1,0,0,0,0,0,0,1,0,0,0,0,2,0,1
19354724,0,0,1,1,0,1,0,0,0,0,0,0,1,0,0,0,0,2,0,1
19354725,0,0,1,1,0,1,0,0,1,0,0,0,1,0,0,0,0,2,0,1
19354726,0,0,0,1,0,1,0,0,1,0,0,0,1,0,0,0,0,0,0,0
19354727,0,0,1,1,0,1,0,0,1,0,0,0,0,0,0,0,0,0,0,1
19354728,0,0,0,1,0,1,0,0,0,0,0,0,1,0,0,0,0,0,0,0
19354729,0,0,1,1,0,1,0,0,0,0,0,0,1,0,0,0,0,1,0,1
19354730,0,0,0,0,0,1,0,0,1,0,0,0,1,0,0,2,0,1,0,0
19354731,0,0,0,1,0,1,0,0,1,0,0,0,1,0,0,2,0,1,0,0
19354732,0,0,1,0,0,1,0,0,1,0,0,0,1,0,0,0,0,2,0,1
19354733,0,0,0,1,0,1,0,0,1,0,0,0,1,0,0,2,0,1,0,0
19354734,0,0,1,0,0,1,0,0,1,0,0,0,1,0,0,0,0,2,0,1
19354735,0,0,1,0,0,1,0,0,1,0,0,0,1,0,0,0,0,1,0,1
19354736,0,0,0,1,0,1,0,0,1,0,0,0,1,0,0,2,0,1,0,1
19354737,0,0,1,0,0,1,0,0,1,0,0,0,1,0,0,0,0,1,0,1
19354738,0,0,0,0,0,1,0,0,0,0,0,0,1,0,0,0,0,1,0,0
19354739,0,0,1,1,0,1,0,0,1,0,0,0,1,0,0,0,0,2,0,1
19354740,0,0,0,0,0,1,0,0,0,0,0,0,1,0,0,0,0,1,0,1
19354741,0,0,0,1,0,1,0,0,0,0,0,0,1,0,0,0,0,1,0,0
19354742,0,0,0,0,0,1,0,0,0,0,0,0,1,0,0,0,0,1,0,0
19354743,0,0,1,1,0,1,1,0,1,0,0,0,1,0,0,0,0,2,0,1
19354744,0,0,0,1,0,1,0,0,0,0,0,0,1,0,0,0,0,0,0,0
19354745,0,0,1,0,0,1,0,0,1,0,0,0,1,0,0,0,0,1,0,1
19354746,0,0,0,1,0,1,0,0,1,0,0,0,1,0,0,2,0,1,0,0
19354747,0,0,0,1,0,1,0,0,1,0,0,0,1,0,0,2,0,1,0,1
19354748,0,0,0,1,0,1,0,0,1,0,0,0,1,0,0,2,0,1,0,0
19354749,0,0,1,0,0,1,0,0,1,0,0,0,1,0,0,0,0,2,0,1
19354750,0,0,0,1,0,1,0,0,0,0,0,0,1,0,0,0,0,1,0,1
19354751,0,0,1,1,0,1,1,0,0,0,0,0,1,0,1,0,0,1,0,1
19354752,0,0,0,1,0,1,0,0,1,0,0,0,1,0,0,2,0,1,0,1
19354753,0,0,1,0,0,1,0,0,1,0,0,0,1,0,0,0,0,1,0,1
19354754,0,0,0,0,0,1,0,0,0,0,0,0,1,0,0,0,0,1,0,0
19354755,0,0,0,1,0,1,0,0,0,0,0,0,1,0,0,0,0,2,0,0
19354756,0,0,0,0,0,1,0,0,0,0,0,0,1,0,0,0,0,1,0,1
19354757,0,0,1,0,0,1,0,0,0,0,0,0,1,0,0,0,0,2,0,1
19354758,0,0,0,0,0,1,0,0,0,0,0,0,0,0,0,0,0,0,0,0
19354759,0,0,0,0,0,1,0,0,0,0,0,0,1,0,0,0,0,1,0,0
19354760,0,0,1,0,0,1,0,0,1,0,0,0,0,0,0,0,0,0,0,1
19354761,0,0,0,1,0,1,0,0,1,0,0,0,1,0,0,2,0,1,0,0
19354762,0,0,1,0,0,1,0,0,1,0,0,0,1,0,0,0,0,1,0,1
19354763,0,0,0,1,0,1,0,0,1,0,0,0,1,0,0,2,0,1,0,1
19354764,0,0,0,0,0,1,0,0,1,0,0,0,1,0,0,2,0,1,0,1
19354765,0,0,1,1,0,1,0,0,1,0,0,0,1,0,0,0,0,0,0,1
19354766,0,0,1,1,0,1,0,0,1,0,0,0,0,0,0,0,0,0,0,1
19354767,0,0,0,1,0,1,0,0,1,0,0,0,1,0,0,0,0,1,0,0
19354768,0,0,1,1,0,1,0,0,1,0,0,0,1,0,0,0,0,2,0,1
19354769,0,0,0,0,0,1,0,0,0,0,0,0,1,0,0,0,0,1,0,0
19354770,0,0,0,0,0,1,0,0,0,0,0,0,1,0,0,0,0,0,0,0
19354771,0,0,1,1,0,1,0,0,1,0,0,0,0,0,0,0,0,0,0,1
19354772,0,0,1,1,0,1,0,0,1,0,0,0,1,0,0,0,0,2,0,1
19354773,0,0,1,0,0,1,0,0,0,0,0,0,1,0,0,0,0,1,0,1
19354774,0,0,0,1,0,1,0,0,0,0,0,0,1,0,0,0,0,2,0,0
19354775,0,0,0,1,0,1,0,0,0,0,0,0,1,0,0,0,0,1,0,1
19354776,0,0,0,0,0,1,0,0,0,0,0,0,1,0,0,0,0,1,0,0
19354777,0,0,0,1,0,1,0,0,1,0,0,0,1,0,0,2,0,1,0,0
19354778,0,0,1,0,0,1,0,0,1,0,0,0,1,0,0,0,0,1,0,1
19354779,0,0,0,1,0,1,0,0,1,0,0,0,1,0,0,2,0,1,0,1
19354780,0,0,0,1,0,1,0,0,1,0,0,0,1,0,0,2,0,1,0,0
19354781,0,0,1,1,0,1,1,0,1,0,0,0,1,0,0,0,0,2,0,1
19354782,0,0,1,0,0,1,0,0,1,0,0,0,1,0,0,0,0,2,0,1
19354783,0,0,0,1,0,1,0,0,1,0,0,0,1,0,0,2,0,1,0,0
19354784,0,0,1,1,0,1,0,0,1,0,0,0,1,0,1,0,0,2,0,1
19354785,0,0,1,0,0,1,0,0,0,0,0,0,1,0,0,0,0,2,0,1
19354786,0,0,0,0,0,1,0,0,0,0,0,0,1,0,0,0,0,0,0,0
19354787,0,0,0,0,0,1,0,0,0,0,0,0,1,0,0,0,0,1,0,0
19354788,0,0,0,1,0,1,0,0,0,0,0,0,1,0,0,0,0,2,0,0
19354789,0,0,1,1,0,1,0,0,1,0,0,0,1,0,0,0,0,2,0,1
19354790,0,0,0,0,0,1,0,0,0,0,0,0,1,0,0,0,0,1,0,0
19354791,0,0,1,0,0,1,0,0,1,0,0,0,1,0,0,0,0,1,0,1
19354792,0,0,1,0,0,1,0,0,1,0,0,0,1,0,0,0,0,2,0,1
19376842,0,0,0,0,0,1,0,0,1,0,0,0,0,0,0,0,0,0,0,0
19376844,0,0,0,1,0,1,0,0,1,0,0,0,1,0,0,2,0,1,0,1
19376845,0,0,0,0,0,1,0,0,1,0,0,0,0,0,0,0,0,0,0,0
19376846,0,0,0,0,0,1,0,0,0,0,0,0,0,0,0,0,0,0,0,0
19376847,0,0,0,0,0,1,0,0,1,0,0,0,0,0,0,0,0,0,0,0
19376849,0,0,0,1,0,1,0,0,1,0,0,0,1,0,0,0,0,0,0,0
19376851,0,0,0,0,0,1,0,0,1,0,0,0,0,0,0,0,0,0,0,0
19402382,0,0,0,0,0,1,0,0,0,0,0,0,0,0,0,0,0,0,0,0
19402384,0,0,1,0,0,1,0,0,0,0,0,0,1,0,0,0,0,1,0,1
19402385,0,0,1,1,0,2,1,0,1,0,0,1,2,0,1,2,1,2,0,1
19402387,0,0,1,1,0,2,1,0,1,0,0,1,2,0,1,2,1,2,0,1
19402388,0,0,1,1,0,1,0,0,1,0,0,0,0,0,0,0,0,0,0,1
19402389,0,0,0,1,0,1,0,0,1,0,0,0,1,0,1,0,0,1,0,0
19402390,0,0,0,0,0,1,0,0,0,0,0,0,1,0,0,0,0,1,0,0
19402423,0,0,1,1,0,1,0,0,1,0,0,0,1,0,0,0,0,1,0,0
19402424,0,0,0,0,0,1,0,0,0,0,0,0,1,0,0,0,0,0,0,0
19402426,0,0,0,0,0,1,0,0,0,0,0,0,1,0,0,0,0,1,0,0
19402427,0,0,0,0,0,1,0,0,0,0,0,0,1,0,0,1,0,1,0,0
19402428,0,0,1,1,0,1,0,0,1,0,0,0,1,0,0,0,0,1,0,1
19402429,0,0,1,0,0,1,0,0,1,0,0,0,1,0,0,0,0,2,0,1
19402430,0,0,0,0,0,1,0,0,0,0,0,0,0,0,0,0,0,0,0,0
19403308,0,0,0,1,0,1,0,0,1,0,0,0,1,0,0,0,0,1,0,0
19403309,0,0,1,1,0,2,0,0,1,0,0,0,2,0,0,2,0,2,0,1
19403310,0,0,1,1,0,0,1,0,1,0,0,1,0,0,1,0,1,0,0,1
19403311,0,0,1,1,0,2,0,0,1,0,0,0,2,0,0,1,1,2,0,1
19403312,0,0,0,0,0,1,0,0,0,0,0,0,1,0,0,0,0,1,0,0
19403313,0,0,0,1,0,1,0,0,1,0,0,0,1,0,0,0,0,1,0,0
19403314,0,0,0,1,0,1,0,0,1,0,0,0,1,0,0,0,0,1,0,0
19403333,0,0,0,1,0,1,0,0,1,0,0,0,1,0,0,0,0,1,0,0
19403334,0,0,0,1,0,1,0,0,1,0,0,0,1,0,0,0,0,1,0,0
19403335,0,0,0,1,0,1,0,0,1,0,0,0,1,0,0,0,0,1,0,0
19403339,0,0,0,1,0,1,0,0,1,0,0,0,1,0,0,0,0,1,0,0
19403340,0,0,0,1,0,1,0,0,1,0,0,0,1,0,0,0,0,1,0,0
19403341,0,0,0,1,0,1,0,0,1,0,0,0,1,0,0,0,0,1,0,0
19404963,0,0,0,0,0,1,0,0,0,0,0,0,1,0,0,0,0,1,0,0
19404964,0,0,1,0,0,1,0,0,0,0,0,0,1,0,0,0,0,2,0,1
19404966,0,0,1,1,0,2,1,0,1,0,0,1,2,0,1,2,1,2,0,1
19404968,0,0,1,0,0,1,0,0,0,0,0,0,1,0,0,0,0,0,0,1
19404969,0,0,1,1,0,1,1,0,1,0,0,0,1,0,0,0,0,0,0,1
19404970,0,0,1,0,0,1,0,0,0,0,0,0,1,0,0,0,0,1,0,1
19404990,0,0,1,0,0,1,0,0,1,0,0,0,1,0,0,0,0,1,0,1
19404994,0,0,1,1,0,0,1,0,1,0,0,1,0,0,1,0,1,0,0,1
19404995,0,0,1,1,0,1,1,0,1,0,0,0,1,0,0,0,0,2,0,1
19404996,0,0,1,0,0,1,0,0,1,0,0,0,1,0,0,0,0,1,0,0
19404997,0,0,0,1,0,1,0,0,1,0,0,0,1,0,0,2,0,1,0,1
19409135,1,1,0,0,1,0,0,1,0,1,1,0,0,1,0,0,0,0,1,0
19415360,0,0,0,0,0,2,0,0,0,0,0,0,2,0,0,2,0,2,0,0
19415361,0,0,0,0,0,1,0,0,0,0,0,0,1,0,0,1,0,1,0,0
19415362,1,1,0,0,0,2,0,0,0,0,1,0,2,1,0,2,0,2,0,0
19416771,0,0,0,0,0,1,0,0,1,0,0,0,1,0,0,2,0,1,0,1
19416773,0,0,1,1,0,1,0,0,1,0,0,0,1,0,0,0,0,1,0,1
19416778,1,1,0,0,0,1,0,0,0,0,1,0,1,1,0,1,0,1,0,0
19416779,1,1,1,1,1,2,1,1,1,1,1,1,2,1,1,2,1,2,1,1
19416780,0,0,0,0,0,1,0,0,0,0,0,0,1,0,0,0,0,1,0,0
19416781,0,0,0,1,0,1,0,0,1,0,0,0,1,0,0,2,0,1,0,0
19416782,0,0,0,0,0,1,0,0,0,0,0,0,1,0,0,0,0,1,0,1
19416786,0,0,0,0,0,1,0,0,0,0,0,0,1,0,0,0,0,1,0,0
19416787,0,0,0,0,0,1,0,0,1,0,0,0,1,0,0,2,0,1,0,1
19416788,0,0,1,0,0,1,0,0,0,0,0,0,1,0,0,0,0,1,0,0
19416792,1,1,1,1,0,0,1,1,1,1,1,1,0,1,1,0,1,0,1,1
19416793,0,0,1,1,0,1,1,0,1,0,0,1,1,0,0,2,1,1,0,1
19416794,0,0,1,1,0,0,0,0,1,0,0,0,0,0,0,0,0,0,0,1
19416795,0,0,1,0,0,1,0,0,0,0,0,0,1,0,0,0,0,1,0,1
19416796,0,0,1,1,0,1,0,0,1,0,0,0,1,0,0,0,0,1,0,1
19416797,0,0,0,0,0,1,0,0,1,0,0,0,1,0,0,2,0,1,0,1
19419846,0,0,0,1,0,1,0,0,1,0,0,0,0,0,0,2,0,0,0,0
19419847,0,0,1,1,0,1,0,0,1,0,0,0,0,0,0,0,0,0,0,1
19419848,0,0,0,1,0,1,0,0,1,0,0,0,1,0,0,0,0,1,0,0
19421273,0,0,1,1,0,1,0,0,1,0,0,0,0,0,0,0,0,0,0,1
19421348,0,0,1,1,0,1,0,0,0,0,0,0,1,0,0,0,0,0,0,1
19421349,0,0,1,0,0,1,0,0,0,0,0,0,1,0,0,0,0,2,0,1
19422004,0,0,0,0,0,1,0,0,1,0,0,0,0,0,0,0,0,0,0,0
